,category,fold,orig_idx,path,take,target,usr_id
0,blender,1,0,audio/0-158737-A-0.wav,A,0,158737
1,blender,1,1,audio/0-158737-B-0.wav,B,0,158737
2,blender,1,2,audio/0-158737-C-0.wav,C,0,158737
3,blender,1,3,audio/0-173319-A-0.wav,A,0,173319
4,blender,1,4,audio/0-173319-B-0.wav,B,0,173319
5,blender,1,5,audio/0-173319-C-0.wav,C,0,173319
6,blender,1,6,audio/0-173319-D-0.wav,D,0,173319
7,blender,1,7,audio/0-181625-A-0.wav,A,0,181625
8,blender,2,8,audio/1-181625-B-0.wav,B,0,181625
9,blender,2,9,audio/1-181625-C-0.wav,C,0,181625
10,blender,2,10,audio/1-181625-D-0.wav,D,0,181625
11,blender,2,11,audio/1-202718-A-0.wav,A,0,202718
12,blender,2,12,audio/1-202718-B-0.wav,B,0,202718
13,blender,2,13,audio/1-202718-C-0.wav,C,0,202718
14,blender,2,14,audio/1-202718-D-0.wav,D,0,202718
15,blender,2,15,audio/1-220806-A-0.wav,A,0,220806
16,blender,3,16,audio/2-220806-B-0.wav,B,0,220806
17,blender,3,17,audio/2-234883-A-0.wav,A,0,234883
18,blender,3,18,audio/2-234883-B-0.wav,B,0,234883
19,blender,3,19,audio/2-275954-A-0.wav,A,0,275954
20,blender,3,20,audio/2-275954-B-0.wav,B,0,275954
21,blender,3,21,audio/2-275954-C-0.wav,C,0,275954
22,blender,3,22,audio/2-31632-A-0.wav,A,0,31632
23,blender,3,23,audio/2-31633-A-0.wav,A,0,31633
24,blender,4,24,audio/3-334515-A-0.wav,A,0,334515
25,blender,4,25,audio/3-340830-A-0.wav,A,0,340830
26,blender,4,26,audio/3-346170-A-0.wav,A,0,346170
27,blender,4,27,audio/3-366512-A-0.wav,A,0,366512
28,blender,4,28,audio/3-366512-B-0.wav,B,0,366512
29,blender,4,29,audio/3-366512-C-0.wav,C,0,366512
30,blender,4,30,audio/3-387708-A-0.wav,A,0,387708
31,blender,4,31,audio/3-387708-B-0.wav,B,0,387708
32,blender,5,32,audio/4-393768-A-0.wav,A,0,393768
33,blender,5,33,audio/4-440675-A-0.wav,A,0,440675
34,blender,5,34,audio/4-440675-B-0.wav,B,0,440675
35,blender,5,35,audio/4-440675-C-0.wav,C,0,440675
36,blender,5,36,audio/4-98053-A-0.wav,A,0,98053
37,blender,5,37,audio/4-98053-B-0.wav,B,0,98053
38,blender,5,38,audio/4-M-Mixer.wav-A-0.wav,A,0,M-Mixer.wav
39,blender,5,39,audio/4-M-Mixer.wav-B-0.wav,B,0,M-Mixer.wav
40,blender,6,40,audio/5-M-Mixer.wav-C-0.wav,C,0,M-Mixer.wav
41,blender,6,41,audio/5-M-Mixer.wav-D-0.wav,D,0,M-Mixer.wav
42,blender,6,42,audio/5-M-mixer2.wav-A-0.wav,A,0,M-mixer2.wav
43,blender,6,43,audio/5-M-mixer2.wav-B-0.wav,B,0,M-mixer2.wav
44,blender,6,44,audio/5-M-mixer2.wav-C-0.wav,C,0,M-mixer2.wav
45,blender,6,45,audio/5-M-mixer2.wav-D-0.wav,D,0,M-mixer2.wav
46,blender,6,46,audio/5-M-mixer2.wav-E-0.wav,E,0,M-mixer2.wav
47,boiling-water,1,47,audio/0-116219-A-8.wav,A,8,116219
48,boiling-water,1,48,audio/0-116219-B-8.wav,B,8,116219
49,boiling-water,1,49,audio/0-116219-C-8.wav,C,8,116219
50,boiling-water,1,50,audio/0-135866-A-8.wav,A,8,135866
51,boiling-water,1,51,audio/0-181614-A-8.wav,A,8,181614
52,boiling-water,1,52,audio/0-181614-B-8.wav,B,8,181614
53,boiling-water,1,53,audio/0-181614-C-8.wav,C,8,181614
54,boiling-water,1,54,audio/0-181614-D-8.wav,D,8,181614
55,boiling-water,2,55,audio/1-185617-A-8.wav,A,8,185617
56,boiling-water,2,56,audio/1-19842-A-8.wav,A,8,19842
57,boiling-water,2,57,audio/1-19842-B-8.wav,B,8,19842
58,boiling-water,2,58,audio/1-209611-A-8.wav,A,8,209611
59,boiling-water,2,59,audio/1-209611-B-8.wav,B,8,209611
60,boiling-water,2,60,audio/1-212179-A-8.wav,A,8,212179
61,boiling-water,2,61,audio/1-212179-B-8.wav,B,8,212179
62,boiling-water,2,62,audio/1-217208-A-8.wav,A,8,217208
63,boiling-water,3,63,audio/2-251398-A-8.wav,A,8,251398
64,boiling-water,3,64,audio/2-258355-A-8.wav,A,8,258355
65,boiling-water,3,65,audio/2-258355-B-8.wav,B,8,258355
66,boiling-water,3,66,audio/2-261377-A-8.wav,A,8,261377
67,boiling-water,3,67,audio/2-341961-A-8.wav,A,8,341961
68,boiling-water,3,68,audio/2-341961-B-8.wav,B,8,341961
69,boiling-water,3,69,audio/2-353631-A-8.wav,A,8,353631
70,boiling-water,3,70,audio/2-353631-B-8.wav,B,8,353631
71,boiling-water,4,71,audio/3-353631-C-8.wav,C,8,353631
72,boiling-water,4,72,audio/3-370217-A-8.wav,A,8,370217
73,boiling-water,4,73,audio/3-376604-A-8.wav,A,8,376604
74,boiling-water,4,74,audio/3-376604-B-8.wav,B,8,376604
75,boiling-water,4,75,audio/3-389493-A-8.wav,A,8,389493
76,boiling-water,4,76,audio/3-389493-B-8.wav,B,8,389493
77,boiling-water,4,77,audio/3-398684-A-8.wav,A,8,398684
78,boiling-water,4,78,audio/3-398684-B-8.wav,B,8,398684
79,boiling-water,5,79,audio/4-398684-C-8.wav,C,8,398684
80,boiling-water,5,80,audio/4-412843-A-8.wav,A,8,412843
81,boiling-water,5,81,audio/4-412843-B-8.wav,B,8,412843
82,boiling-water,5,82,audio/4-412843-C-8.wav,C,8,412843
83,boiling-water,5,83,audio/4-412843-D-8.wav,D,8,412843
84,boiling-water,5,84,audio/4-433538-A-8.wav,A,8,433538
85,boiling-water,5,85,audio/4-433538-B-8.wav,B,8,433538
86,boiling-water,5,86,audio/4-50767-A-8.wav,A,8,50767
87,boiling-water,6,87,audio/5-50767-B-8.wav,B,8,50767
88,boiling-water,6,88,audio/5-50767-C-8.wav,C,8,50767
89,boiling-water,6,89,audio/5-50767-D-8.wav,D,8,50767
90,boiling-water,6,90,audio/5-68741-A-8.wav,A,8,68741
91,boiling-water,6,91,audio/5-69597-A-8.wav,A,8,69597
92,boiling-water,6,92,audio/5-71028-A-8.wav,A,8,71028
93,book,1,93,audio/0-120782-A-13.wav,A,13,120782
94,book,1,94,audio/0-146780-A-13.wav,A,13,146780
95,book,1,95,audio/0-146780-B-13.wav,B,13,146780
96,book,1,96,audio/0-158765-A-13.wav,A,13,158765
97,book,1,97,audio/0-162355-A-13.wav,A,13,162355
98,book,1,98,audio/0-164806-A-13.wav,A,13,164806
99,book,1,99,audio/0-164806-B-13.wav,B,13,164806
100,book,1,100,audio/0-164806-C-13.wav,C,13,164806
101,book,2,101,audio/1-172304-A-13.wav,A,13,172304
102,book,2,102,audio/1-185632-A-13.wav,A,13,185632
103,book,2,103,audio/1-185632-B-13.wav,B,13,185632
104,book,2,104,audio/1-190652-A-13.wav,A,13,190652
105,book,2,105,audio/1-201264-A-13.wav,A,13,201264
106,book,2,106,audio/1-202097-A-13.wav,A,13,202097
107,book,2,107,audio/1-203005-A-13.wav,A,13,203005
108,book,2,108,audio/1-203005-B-13.wav,B,13,203005
109,book,3,109,audio/2-204046-A-13.wav,A,13,204046
110,book,3,110,audio/2-204046-B-13.wav,B,13,204046
111,book,3,111,audio/2-204046-C-13.wav,C,13,204046
112,book,3,112,audio/2-204046-D-13.wav,D,13,204046
113,book,3,113,audio/2-231460-A-13.wav,A,13,231460
114,book,3,114,audio/2-231460-B-13.wav,B,13,231460
115,book,3,115,audio/2-232798-A-13.wav,A,13,232798
116,book,3,116,audio/2-267503-A-13.wav,A,13,267503
117,book,4,117,audio/3-268837-A-13.wav,A,13,268837
118,book,4,118,audio/3-268837-B-13.wav,B,13,268837
119,book,4,119,audio/3-318615-A-13.wav,A,13,318615
120,book,4,120,audio/3-318615-B-13.wav,B,13,318615
121,book,4,121,audio/3-324771-A-13.wav,A,13,324771
122,book,4,122,audio/3-324771-B-13.wav,B,13,324771
123,book,4,123,audio/3-324771-C-13.wav,C,13,324771
124,book,4,124,audio/3-326468-A-13.wav,A,13,326468
125,book,5,125,audio/4-331977-A-13.wav,A,13,331977
126,book,5,126,audio/4-331977-B-13.wav,B,13,331977
127,book,5,127,audio/4-347363-A-13.wav,A,13,347363
128,book,5,128,audio/4-347961-A-13.wav,A,13,347961
129,book,5,129,audio/4-366454-A-13.wav,A,13,366454
130,book,5,130,audio/4-381637-A-13.wav,A,13,381637
131,book,5,131,audio/4-390615-A-13.wav,A,13,390615
132,book,5,132,audio/4-390874-A-13.wav,A,13,390874
133,book,6,133,audio/5-407403-A-13.wav,A,13,407403
134,book,6,134,audio/5-425467-A-13.wav,A,13,425467
135,book,6,135,audio/5-425467-B-13.wav,B,13,425467
136,book,6,136,audio/5-425467-C-13.wav,C,13,425467
137,book,6,137,audio/5-451651-A-13.wav,A,13,451651
138,book,6,138,audio/5-67229-A-13.wav,A,13,67229
139,book,6,139,audio/5-67229-B-13.wav,B,13,67229
140,book,6,140,audio/5-83626-A-13.wav,A,13,83626
141,book,7,141,audio/6-83626-B-13.wav,B,13,83626
142,book,7,142,audio/6-91479-A-13.wav,A,13,91479
143,book,7,143,audio/6-98339-A-13.wav,A,13,98339
144,book,7,144,audio/6-98339-B-13.wav,B,13,98339
145,chopping,1,145,audio/0-149276-A-14.wav,A,14,149276
146,chopping,1,146,audio/0-167508-A-14.wav,A,14,167508
147,chopping,1,147,audio/0-167508-B-14.wav,B,14,167508
148,chopping,1,148,audio/0-167508-C-14.wav,C,14,167508
149,chopping,1,149,audio/0-181612-A-14.wav,A,14,181612
150,chopping,1,150,audio/0-181612-B-14.wav,B,14,181612
151,chopping,1,151,audio/0-181612-C-14.wav,C,14,181612
152,chopping,1,152,audio/0-256287-A-14.wav,A,14,256287
153,chopping,2,153,audio/1-256287-B-14.wav,B,14,256287
154,chopping,2,154,audio/1-327592-A-14.wav,A,14,327592
155,chopping,2,155,audio/1-327592-B-14.wav,B,14,327592
156,chopping,2,156,audio/1-335634-A-14.wav,A,14,335634
157,chopping,2,157,audio/1-335882-A-14.wav,A,14,335882
158,chopping,2,158,audio/1-345711-A-14.wav,A,14,345711
159,chopping,2,159,audio/1-360649-A-14.wav,A,14,360649
160,chopping,2,160,audio/1-360786-A-14.wav,A,14,360786
161,chopping,3,161,audio/2-360791-A-14.wav,A,14,360791
162,chopping,3,162,audio/2-360791-B-14.wav,B,14,360791
163,chopping,3,163,audio/2-369231-A-14.wav,A,14,369231
164,chopping,3,164,audio/2-369231-B-14.wav,B,14,369231
165,chopping,3,165,audio/2-369231-C-14.wav,C,14,369231
166,chopping,3,166,audio/2-369231-D-14.wav,D,14,369231
167,chopping,3,167,audio/2-369232-A-14.wav,A,14,369232
168,chopping,3,168,audio/2-369234-A-14.wav,A,14,369234
169,chopping,4,169,audio/3-369234-B-14.wav,B,14,369234
170,chopping,4,170,audio/3-369234-C-14.wav,C,14,369234
171,chopping,4,171,audio/3-369234-D-14.wav,D,14,369234
172,chopping,4,172,audio/3-369235-A-14.wav,A,14,369235
173,chopping,4,173,audio/3-369235-B-14.wav,B,14,369235
174,chopping,4,174,audio/3-369235-C-14.wav,C,14,369235
175,chopping,4,175,audio/3-369235-D-14.wav,D,14,369235
176,chopping,4,176,audio/3-369236-A-14.wav,A,14,369236
177,chopping,5,177,audio/4-369236-B-14.wav,B,14,369236
178,chopping,5,178,audio/4-369236-C-14.wav,C,14,369236
179,chopping,5,179,audio/4-369236-D-14.wav,D,14,369236
180,chopping,5,180,audio/4-393788-A-14.wav,A,14,393788
181,chopping,5,181,audio/4-426863-A-14.wav,A,14,426863
182,chopping,5,182,audio/4-426863-B-14.wav,B,14,426863
183,chopping,5,183,audio/4-461467-A-14.wav,A,14,461467
184,chopping,5,184,audio/4-60117-A-14.wav,A,14,60117
185,chopping,6,185,audio/5-60117-B-14.wav,B,14,60117
186,chopping,6,186,audio/5-60117-C-14.wav,C,14,60117
187,chopping,6,187,audio/5-67431-A-14.wav,A,14,67431
188,chopping,6,188,audio/5-67431-B-14.wav,B,14,67431
189,chopping,6,189,audio/5-67431-C-14.wav,C,14,67431
190,clean-dishes,1,190,audio/0-149276-B-12.wav,B,12,149276
191,clean-dishes,1,191,audio/0-193398-A-12.wav,A,12,193398
192,clean-dishes,1,192,audio/0-193398-B-12.wav,B,12,193398
193,clean-dishes,1,193,audio/0-193398-C-12.wav,C,12,193398
194,clean-dishes,1,194,audio/0-198956-A-12.wav,A,12,198956
195,clean-dishes,1,195,audio/0-198956-B-12.wav,B,12,198956
196,clean-dishes,1,196,audio/0-198956-C-12.wav,C,12,198956
197,clean-dishes,1,197,audio/0-198956-D-12.wav,D,12,198956
198,clean-dishes,2,198,audio/1-219218-A-12.wav,A,12,219218
199,clean-dishes,2,199,audio/1-219218-B-12.wav,B,12,219218
200,clean-dishes,2,200,audio/1-219218-C-12.wav,C,12,219218
201,clean-dishes,2,201,audio/1-219218-D-12.wav,D,12,219218
202,clean-dishes,2,202,audio/1-219218-E-12.wav,E,12,219218
203,clean-dishes,2,203,audio/1-238396-A-12.wav,A,12,238396
204,clean-dishes,2,204,audio/1-238396-B-12.wav,B,12,238396
205,clean-dishes,2,205,audio/1-238396-C-12.wav,C,12,238396
206,clean-dishes,3,206,audio/2-402166-A-12.wav,A,12,402166
207,clean-dishes,3,207,audio/2-424680-A-12.wav,A,12,424680
208,clean-dishes,3,208,audio/2-424680-B-12.wav,B,12,424680
209,clean-dishes,3,209,audio/2-424680-C-12.wav,C,12,424680
210,clean-dishes,3,210,audio/2-424680-D-12.wav,D,12,424680
211,clean-dishes,3,211,audio/2-424680-E-12.wav,E,12,424680
212,clean-dishes,3,212,audio/2-433994-A-12.wav,A,12,433994
213,clean-dishes,3,213,audio/2-433994-B-12.wav,B,12,433994
214,clean-dishes,4,214,audio/3-433994-C-12.wav,C,12,433994
215,clean-dishes,4,215,audio/3-50703-A-12.wav,A,12,50703
216,clean-dishes,4,216,audio/3-50703-B-12.wav,B,12,50703
217,clean-dishes,4,217,audio/3-58242-A-12.wav,A,12,58242
218,clean-dishes,4,218,audio/3-58242-B-12.wav,B,12,58242
219,clean-dishes,4,219,audio/3-58242-C-12.wav,C,12,58242
220,clean-dishes,4,220,audio/3-58242-D-12.wav,D,12,58242
221,clean-dishes,4,221,audio/3-65791-A-12.wav,A,12,65791
222,clean-dishes,5,222,audio/4-65791-B-12.wav,B,12,65791
223,clean-dishes,5,223,audio/4-65791-C-12.wav,C,12,65791
224,clean-dishes,5,224,audio/4-65791-D-12.wav,D,12,65791
225,clean-dishes,5,225,audio/4-85442-A-12.wav,A,12,85442
226,clean-dishes,5,226,audio/4-85442-B-12.wav,B,12,85442
227,clean-dishes,5,227,audio/4-85442-C-12.wav,C,12,85442
228,clean-dishes,5,228,audio/4-85442-D-12.wav,D,12,85442
229,clean-dishes,5,229,audio/4-85442-E-12.wav,E,12,85442
230,clean-dishes,6,230,audio/5-J-vaisselleMain.aac-A-12.wav,A,12,J-vaisselleMain.aac
231,clean-dishes,6,231,audio/5-J-vaisselleMain.aac-B-12.wav,B,12,J-vaisselleMain.aac
232,clean-dishes,6,232,audio/5-J-vaisselleMain2.aac-A-12.wav,A,12,J-vaisselleMain2.aac
233,clean-dishes,6,233,audio/5-J-vaisselleMain2.aac-B-12.wav,B,12,J-vaisselleMain2.aac
234,clean-dishes,6,234,audio/5-J-vaisselleMain2.aac-C-12.wav,C,12,J-vaisselleMain2.aac
235,clean-dishes,6,235,audio/5-J-vaisselleMain2.aac-D-12.wav,D,12,J-vaisselleMain2.aac
236,clean-dishes,6,236,audio/5-J2-vaisselleMain.mp4-A-12.wav,A,12,J2-vaisselleMain.mp4
237,clean-dishes,6,237,audio/5-J2-vaisselleMain.mp4-B-12.wav,B,12,J2-vaisselleMain.mp4
238,clean-dishes,7,238,audio/6-J2-vaisselleMain.mp4-C-12.wav,C,12,J2-vaisselleMain.mp4
239,clean-dishes,7,239,audio/6-J2-vaisselleMain.mp4-D-12.wav,D,12,J2-vaisselleMain.mp4
240,clean-dishes,7,240,audio/6-J2-vaisselleMain.mp4-E-12.wav,E,12,J2-vaisselleMain.mp4
241,clean-dishes,7,241,audio/6-L-Laver-A-12.wav,A,12,L-Laver
242,clean-dishes,7,242,audio/6-L-Laver-B-12.wav,B,12,L-Laver
243,clean-dishes,7,243,audio/6-L-Laver-C-12.wav,C,12,L-Laver
244,clean-dishes,7,244,audio/6-M-vaisselleMain.wav-A-12.wav,A,12,M-vaisselleMain.wav
245,clean-dishes,7,245,audio/6-M-vaisselleMain.wav-B-12.wav,B,12,M-vaisselleMain.wav
246,clean-dishes,8,246,audio/7-M-vaisselleMain.wav-C-12.wav,C,12,M-vaisselleMain.wav
247,clean-dishes,8,247,audio/7-M-vaisselleMain.wav-D-12.wav,D,12,M-vaisselleMain.wav
248,clean-dishes,8,248,audio/7-M-vaisselleMain.wav-E-12.wav,E,12,M-vaisselleMain.wav
249,clean-dishes,8,249,audio/7-M-vaisselleMain.wav-F-12.wav,F,12,M-vaisselleMain.wav
250,cupboard,1,250,audio/0-133823-A-10.wav,A,10,133823
251,cupboard,1,251,audio/0-170488-A-10.wav,A,10,170488
252,cupboard,1,252,audio/0-170488-B-10.wav,B,10,170488
253,cupboard,1,253,audio/0-170488-C-10.wav,C,10,170488
254,cupboard,1,254,audio/0-179295-A-10.wav,A,10,179295
255,cupboard,1,255,audio/0-191110-A-10.wav,A,10,191110
256,cupboard,1,256,audio/0-320610-A-10.wav,A,10,320610
257,cupboard,1,257,audio/0-327671-A-10.wav,A,10,327671
258,cupboard,2,258,audio/1-38117-A-10.wav,A,10,38117
259,cupboard,2,259,audio/1-72619-A-10.wav,A,10,72619
260,cupboard,2,260,audio/1-72619-B-10.wav,B,10,72619
261,cupboard,2,261,audio/1-D-Portes-A-10.wav,A,10,D-Portes
262,cupboard,2,262,audio/1-D-Portes-B-10.wav,B,10,D-Portes
263,cupboard,2,263,audio/1-D-Portes-C-10.wav,C,10,D-Portes
264,cupboard,2,264,audio/1-J-placard.aac-A-10.wav,A,10,J-placard.aac
265,cupboard,2,265,audio/1-J-placard.aac-B-10.wav,B,10,J-placard.aac
266,cupboard,3,266,audio/2-J-placard2.aac-A-10.wav,A,10,J-placard2.aac
267,cupboard,3,267,audio/2-J-placard2.aac-B-10.wav,B,10,J-placard2.aac
268,cupboard,3,268,audio/2-J-placard2.aac-C-10.wav,C,10,J-placard2.aac
269,cupboard,3,269,audio/2-J-placard2.aac-D-10.wav,D,10,J-placard2.aac
270,cupboard,3,270,audio/2-J2-placard.mp4-A-10.wav,A,10,J2-placard.mp4
271,cupboard,3,271,audio/2-J2-placard.mp4-B-10.wav,B,10,J2-placard.mp4
272,cupboard,3,272,audio/2-J2-placard.mp4-C-10.wav,C,10,J2-placard.mp4
273,cupboard,3,273,audio/2-J2-placard.mp4-D-10.wav,D,10,J2-placard.mp4
274,cupboard,4,274,audio/3-J3-Nouvel-A-10.wav,A,10,J3-Nouvel
275,cupboard,4,275,audio/3-J3-Nouvel-B-10.wav,B,10,J3-Nouvel
276,cupboard,4,276,audio/3-Jaz-placards2019-A-10.wav,A,10,Jaz-placards2019
277,cupboard,4,277,audio/3-Jaz-placards2019-B-10.wav,B,10,Jaz-placards2019
278,cupboard,4,278,audio/3-Jaz-placards2019-C-10.wav,C,10,Jaz-placards2019
279,cupboard,4,279,audio/3-Jaz-placards2019-D-10.wav,D,10,Jaz-placards2019
280,cupboard,4,280,audio/3-L-Ouvrir-A-10.wav,A,10,L-Ouvrir
281,cupboard,4,281,audio/3-L-Ouvrir-B-10.wav,B,10,L-Ouvrir
282,cupboard,5,282,audio/4-L-Ouvrir-C-10.wav,C,10,L-Ouvrir
283,cupboard,5,283,audio/4-L-Ouvrir-D-10.wav,D,10,L-Ouvrir
284,cupboard,5,284,audio/4-L-Ouvrir-E-10.wav,E,10,L-Ouvrir
285,cupboard,5,285,audio/4-M-placard.wav-A-10.wav,A,10,M-placard.wav
286,cupboard,5,286,audio/4-M-placard.wav-B-10.wav,B,10,M-placard.wav
287,cupboard,5,287,audio/4-M-placard.wav-C-10.wav,C,10,M-placard.wav
288,cupboard,5,288,audio/4-M-placard.wav-D-10.wav,D,10,M-placard.wav
289,cupboard,5,289,audio/4-M-placard.wav-E-10.wav,E,10,M-placard.wav
290,cutlery,1,290,audio/0-101478-A-15.wav,A,15,101478
291,cutlery,1,291,audio/0-101478-B-15.wav,B,15,101478
292,cutlery,1,292,audio/0-101478-C-15.wav,C,15,101478
293,cutlery,1,293,audio/0-123606-A-15.wav,A,15,123606
294,cutlery,1,294,audio/0-123606-B-15.wav,B,15,123606
295,cutlery,1,295,audio/0-124432-A-15.wav,A,15,124432
296,cutlery,1,296,audio/0-124432-B-15.wav,B,15,124432
297,cutlery,1,297,audio/0-124432-C-15.wav,C,15,124432
298,cutlery,2,298,audio/1-124432-D-15.wav,D,15,124432
299,cutlery,2,299,audio/1-155902-A-15.wav,A,15,155902
300,cutlery,2,300,audio/1-206144-A-15.wav,A,15,206144
301,cutlery,2,301,audio/1-27365-A-15.wav,A,15,27365
302,cutlery,2,302,audio/1-275581-A-15.wav,A,15,275581
303,cutlery,2,303,audio/1-275954-D-15.wav,D,15,275954
304,cutlery,2,304,audio/1-275954-E-15.wav,E,15,275954
305,cutlery,2,305,audio/1-320610-B-15.wav,B,15,320610
306,cutlery,3,306,audio/2-345137-A-15.wav,A,15,345137
307,cutlery,3,307,audio/2-376599-A-15.wav,A,15,376599
308,cutlery,3,308,audio/2-413263-A-15.wav,A,15,413263
309,cutlery,3,309,audio/2-413263-B-15.wav,B,15,413263
310,cutlery,3,310,audio/2-457583-A-15.wav,A,15,457583
311,cutlery,3,311,audio/2-457583-B-15.wav,B,15,457583
312,cutlery,3,312,audio/2-457583-C-15.wav,C,15,457583
313,cutlery,3,313,audio/2-457583-D-15.wav,D,15,457583
314,cutlery,4,314,audio/3-50702-A-15.wav,A,15,50702
315,cutlery,4,315,audio/3-50702-B-15.wav,B,15,50702
316,cutlery,4,316,audio/3-50702-C-15.wav,C,15,50702
317,cutlery,4,317,audio/3-64127-A-15.wav,A,15,64127
318,cutlery,4,318,audio/3-64127-B-15.wav,B,15,64127
319,cutlery,4,319,audio/3-64127-C-15.wav,C,15,64127
320,cutlery,4,320,audio/3-D-Couverts.m4a-A-15.wav,A,15,D-Couverts.m4a
321,cutlery,4,321,audio/3-D-Couverts.m4a-B-15.wav,B,15,D-Couverts.m4a
322,cutlery,5,322,audio/4-D-Couverts.m4a-C-15.wav,C,15,D-Couverts.m4a
323,cutlery,5,323,audio/4-D-Couverts.m4a-D-15.wav,D,15,D-Couverts.m4a
324,cutlery,5,324,audio/4-D-Couverts.m4a-E-15.wav,E,15,D-Couverts.m4a
325,cutlery,5,325,audio/4-D-Couverts.m4a-F-15.wav,F,15,D-Couverts.m4a
326,cutlery,5,326,audio/4-J-couvert.aac-A-15.wav,A,15,J-couvert.aac
327,cutlery,5,327,audio/4-J-couvert.aac-B-15.wav,B,15,J-couvert.aac
328,cutlery,5,328,audio/4-J-couvert2.aac-A-15.wav,A,15,J-couvert2.aac
329,cutlery,5,329,audio/4-J-couvert2.aac-B-15.wav,B,15,J-couvert2.aac
330,cutlery,6,330,audio/5-J-couvert2.aac-C-15.wav,C,15,J-couvert2.aac
331,cutlery,6,331,audio/5-J-couvert2.aac-D-15.wav,D,15,J-couvert2.aac
332,cutlery,6,332,audio/5-J-couvert2.aac-E-15.wav,E,15,J-couvert2.aac
333,cutlery,6,333,audio/5-J-couvert2.aac-F-15.wav,F,15,J-couvert2.aac
334,cutlery,6,334,audio/5-J2-couvert.mp4-A-15.wav,A,15,J2-couvert.mp4
335,cutlery,6,335,audio/5-J2-couvert.mp4-B-15.wav,B,15,J2-couvert.mp4
336,cutlery,6,336,audio/5-J2-couvert.mp4-C-15.wav,C,15,J2-couvert.mp4
337,cutlery,6,337,audio/5-J2-couvert(1).mp4-A-15.wav,A,15,J2-couvert(1).mp4
338,cutlery,7,338,audio/6-J2-couvert(1).mp4-B-15.wav,B,15,J2-couvert(1).mp4
339,cutlery,7,339,audio/6-J2-couvert(1).mp4-C-15.wav,C,15,J2-couvert(1).mp4
340,cutlery,7,340,audio/6-Jaz-couverts2019-A-15.wav,A,15,Jaz-couverts2019
341,cutlery,7,341,audio/6-Jaz-couverts2019-B-15.wav,B,15,Jaz-couverts2019
342,cutlery,7,342,audio/6-Jaz-couverts2019-C-15.wav,C,15,Jaz-couverts2019
343,cutlery,7,343,audio/6-Jaz-couverts2019-D-15.wav,D,15,Jaz-couverts2019
344,cutlery,7,344,audio/6-Jaz-couverts2019-E-15.wav,E,15,Jaz-couverts2019
345,cutlery,7,345,audio/6-K-couverts.m4a-A-15.wav,A,15,K-couverts.m4a
346,cutlery,8,346,audio/7-K-couverts.m4a-B-15.wav,B,15,K-couverts.m4a
347,cutlery,8,347,audio/7-K-couverts.m4a-C-15.wav,C,15,K-couverts.m4a
348,cutlery,8,348,audio/7-K-couverts.m4a-D-15.wav,D,15,K-couverts.m4a
349,cutlery,8,349,audio/7-L-Ranger-A-15.wav,A,15,L-Ranger
350,cutlery,8,350,audio/7-L-Ranger-B-15.wav,B,15,L-Ranger
351,cutlery,8,351,audio/7-L-Ranger-C-15.wav,C,15,L-Ranger
352,cutlery,8,352,audio/7-L-Sortir-A-15.wav,A,15,L-Sortir
353,cutlery,8,353,audio/7-L-Sortir-B-15.wav,B,15,L-Sortir
354,cutlery,9,354,audio/8-L-Sortir-C-15.wav,C,15,L-Sortir
355,cutlery,9,355,audio/8-M-couvert.wav-A-15.wav,A,15,M-couvert.wav
356,cutlery,9,356,audio/8-M-couvert.wav-B-15.wav,B,15,M-couvert.wav
357,cutlery,9,357,audio/8-M-couvert.wav-C-15.wav,C,15,M-couvert.wav
358,cutlery,9,358,audio/8-M-couvert.wav-D-15.wav,D,15,M-couvert.wav
359,dishwasher,1,359,audio/0-123443-A-1.wav,A,1,123443
360,dishwasher,1,360,audio/0-123443-B-1.wav,B,1,123443
361,dishwasher,1,361,audio/0-123443-C-1.wav,C,1,123443
362,dishwasher,1,362,audio/0-192353-A-1.wav,A,1,192353
363,dishwasher,1,363,audio/0-192353-B-1.wav,B,1,192353
364,dishwasher,1,364,audio/0-192353-C-1.wav,C,1,192353
365,dishwasher,1,365,audio/0-20025-A-1.wav,A,1,20025
366,dishwasher,1,366,audio/0-200977-A-1.wav,A,1,200977
367,dishwasher,2,367,audio/1-200977-B-1.wav,B,1,200977
368,dishwasher,2,368,audio/1-200977-C-1.wav,C,1,200977
369,dishwasher,2,369,audio/1-200977-D-1.wav,D,1,200977
370,dishwasher,2,370,audio/1-207428-A-1.wav,A,1,207428
371,dishwasher,2,371,audio/1-207428-B-1.wav,B,1,207428
372,dishwasher,2,372,audio/1-207428-C-1.wav,C,1,207428
373,dishwasher,2,373,audio/1-207428-D-1.wav,D,1,207428
374,dishwasher,2,374,audio/1-210836-A-1.wav,A,1,210836
375,dishwasher,3,375,audio/2-210836-B-1.wav,B,1,210836
376,dishwasher,3,376,audio/2-210836-C-1.wav,C,1,210836
377,dishwasher,3,377,audio/2-267516-A-1.wav,A,1,267516
378,dishwasher,3,378,audio/2-267516-B-1.wav,B,1,267516
379,dishwasher,3,379,audio/2-267516-C-1.wav,C,1,267516
380,dishwasher,3,380,audio/2-267516-D-1.wav,D,1,267516
381,dishwasher,3,381,audio/2-322039-A-1.wav,A,1,322039
382,dishwasher,3,382,audio/2-322039-B-1.wav,B,1,322039
383,dishwasher,4,383,audio/3-341383-A-1.wav,A,1,341383
384,dishwasher,4,384,audio/3-341383-B-1.wav,B,1,341383
385,dishwasher,4,385,audio/3-341383-C-1.wav,C,1,341383
386,dishwasher,4,386,audio/3-341384-A-1.wav,A,1,341384
387,dishwasher,4,387,audio/3-346006-A-1.wav,A,1,346006
388,dishwasher,4,388,audio/3-352871-A-1.wav,A,1,352871
389,dishwasher,4,389,audio/3-352871-B-1.wav,B,1,352871
390,dishwasher,4,390,audio/3-352871-C-1.wav,C,1,352871
391,dishwasher,5,391,audio/4-353121-A-1.wav,A,1,353121
392,dishwasher,5,392,audio/4-353121-B-1.wav,B,1,353121
393,dishwasher,5,393,audio/4-353121-C-1.wav,C,1,353121
394,dishwasher,5,394,audio/4-353121-D-1.wav,D,1,353121
395,dishwasher,5,395,audio/4-387125-A-1.wav,A,1,387125
396,dishwasher,5,396,audio/4-387125-B-1.wav,B,1,387125
397,dishwasher,5,397,audio/4-387125-C-1.wav,C,1,387125
398,dishwasher,5,398,audio/4-387125-D-1.wav,D,1,387125
399,dishwasher,6,399,audio/5-38759-A-1.wav,A,1,38759
400,dishwasher,6,400,audio/5-38759-B-1.wav,B,1,38759
401,dishwasher,6,401,audio/5-38759-C-1.wav,C,1,38759
402,dishwasher,6,402,audio/5-38759-D-1.wav,D,1,38759
403,dishwasher,6,403,audio/5-388378-A-1.wav,A,1,388378
404,dishwasher,6,404,audio/5-388378-B-1.wav,B,1,388378
405,dishwasher,6,405,audio/5-450511-A-1.wav,A,1,450511
406,dishwasher,6,406,audio/5-450511-B-1.wav,B,1,450511
407,dishwasher,7,407,audio/6-450511-C-1.wav,C,1,450511
408,dishwasher,7,408,audio/6-450511-D-1.wav,D,1,450511
409,dishwasher,7,409,audio/6-453955-A-1.wav,A,1,453955
410,dishwasher,7,410,audio/6-453955-B-1.wav,B,1,453955
411,dishwasher,7,411,audio/6-453955-C-1.wav,C,1,453955
412,dishwasher,7,412,audio/6-453955-D-1.wav,D,1,453955
413,dishwasher,7,413,audio/6-50499-A-1.wav,A,1,50499
414,dishwasher,7,414,audio/6-50499-B-1.wav,B,1,50499
415,dishwasher,8,415,audio/7-72092-A-1.wav,A,1,72092
416,dishwasher,8,416,audio/7-J-laveVaisselle.aac-A-1.wav,A,1,J-laveVaisselle.aac
417,dishwasher,8,417,audio/7-J-laveVaisselle.aac-B-1.wav,B,1,J-laveVaisselle.aac
418,dishwasher,8,418,audio/7-J-laveVaisselle.aac-C-1.wav,C,1,J-laveVaisselle.aac
419,dishwasher,8,419,audio/7-J-laveVaisselle2.aac-A-1.wav,A,1,J-laveVaisselle2.aac
420,dishwasher,8,420,audio/7-J-laveVaisselle2.aac-B-1.wav,B,1,J-laveVaisselle2.aac
421,dishwasher,8,421,audio/7-Jaz-machine2019-A-1.wav,A,1,Jaz-machine2019
422,dishwasher,8,422,audio/7-Jaz-machine2019-B-1.wav,B,1,Jaz-machine2019
423,dishwasher,9,423,audio/8-Jaz-machine2019-C-1.wav,C,1,Jaz-machine2019
424,dishwasher,9,424,audio/8-Jaz-machine2019-D-1.wav,D,1,Jaz-machine2019
425,drawer,1,425,audio/0-119725-A-11.wav,A,11,119725
426,drawer,1,426,audio/0-123013-A-11.wav,A,11,123013
427,drawer,1,427,audio/0-131772-A-11.wav,A,11,131772
428,drawer,1,428,audio/0-133829-A-11.wav,A,11,133829
429,drawer,1,429,audio/0-167167-A-11.wav,A,11,167167
430,drawer,1,430,audio/0-167171-A-11.wav,A,11,167171
431,drawer,1,431,audio/0-167171-B-11.wav,B,11,167171
432,drawer,1,432,audio/0-167263-A-11.wav,A,11,167263
433,drawer,2,433,audio/1-168256-A-11.wav,A,11,168256
434,drawer,2,434,audio/1-181633-A-11.wav,A,11,181633
435,drawer,2,435,audio/1-181633-B-11.wav,B,11,181633
436,drawer,2,436,audio/1-185809-A-11.wav,A,11,185809
437,drawer,2,437,audio/1-185842-A-11.wav,A,11,185842
438,drawer,2,438,audio/1-257956-A-11.wav,A,11,257956
439,drawer,2,439,audio/1-257956-B-11.wav,B,11,257956
440,drawer,2,440,audio/1-260218-A-11.wav,A,11,260218
441,drawer,3,441,audio/2-275954-F-11.wav,F,11,275954
442,drawer,3,442,audio/2-326461-A-11.wav,A,11,326461
443,drawer,3,443,audio/2-330021-A-11.wav,A,11,330021
444,drawer,3,444,audio/2-330021-B-11.wav,B,11,330021
445,drawer,3,445,audio/2-334490-A-11.wav,A,11,334490
446,drawer,3,446,audio/2-334966-A-11.wav,A,11,334966
447,drawer,3,447,audio/2-336514-A-11.wav,A,11,336514
448,drawer,3,448,audio/2-344353-A-11.wav,A,11,344353
449,drawer,4,449,audio/3-344353-B-11.wav,B,11,344353
450,drawer,4,450,audio/3-347788-A-11.wav,A,11,347788
451,drawer,4,451,audio/3-366113-A-11.wav,A,11,366113
452,drawer,4,452,audio/3-367179-A-11.wav,A,11,367179
453,drawer,4,453,audio/3-39560-A-11.wav,A,11,39560
454,drawer,4,454,audio/3-408785-A-11.wav,A,11,408785
455,drawer,4,455,audio/3-434458-A-11.wav,A,11,434458
456,drawer,4,456,audio/3-434458-B-11.wav,B,11,434458
457,drawer,5,457,audio/4-441896-A-11.wav,A,11,441896
458,drawer,5,458,audio/4-441896-B-11.wav,B,11,441896
459,drawer,5,459,audio/4-442697-A-11.wav,A,11,442697
460,drawer,5,460,audio/4-447966-A-11.wav,A,11,447966
461,drawer,5,461,audio/4-79387-A-11.wav,A,11,79387
462,drawer,5,462,audio/4-85124-A-11.wav,A,11,85124
463,drawer,5,463,audio/4-J-tirroir.aac-A-11.wav,A,11,J-tirroir.aac
464,drawer,5,464,audio/4-Jaz-tiroirs2019-A-11.wav,A,11,Jaz-tiroirs2019
465,drawer,6,465,audio/5-Jaz-tiroirs2019-B-11.wav,B,11,Jaz-tiroirs2019
466,drawer,6,466,audio/5-Jaz-tiroirs2019-C-11.wav,C,11,Jaz-tiroirs2019
467,drawer,6,467,audio/5-Jaz-tiroirs2019-D-11.wav,D,11,Jaz-tiroirs2019
468,drawer,6,468,audio/5-Jaz-tiroirs22019-A-11.wav,A,11,Jaz-tiroirs22019
469,drawer,6,469,audio/5-Jaz-tiroirs22019-B-11.wav,B,11,Jaz-tiroirs22019
470,drawer,6,470,audio/5-Jaz-tiroirs22019-C-11.wav,C,11,Jaz-tiroirs22019
471,drawer,6,471,audio/5-Jaz-tiroirs22019-D-11.wav,D,11,Jaz-tiroirs22019
472,drawer,6,472,audio/5-Jaz-tiroirs22019-E-11.wav,E,11,Jaz-tiroirs22019
473,drawer,7,473,audio/6-M-tiroirs.wav-A-11.wav,A,11,M-tiroirs.wav
474,drawer,7,474,audio/6-M-tiroirs.wav-B-11.wav,B,11,M-tiroirs.wav
475,drawer,7,475,audio/6-M-tiroirs.wav-C-11.wav,C,11,M-tiroirs.wav
476,drawer,7,476,audio/6-M-tiroirs.wav-D-11.wav,D,11,M-tiroirs.wav
477,drawer,7,477,audio/6-M-tiroirs.wav-E-11.wav,E,11,M-tiroirs.wav
478,drawer,7,478,audio/6-M-tirroir2019-A-11.wav,A,11,M-tirroir2019
479,drawer,7,479,audio/6-M-tirroir2019-B-11.wav,B,11,M-tirroir2019
480,drawer,7,480,audio/6-M-tirroir2019-C-11.wav,C,11,M-tirroir2019
481,eat,1,481,audio/0-106261-A-16.wav,A,16,106261
482,eat,1,482,audio/0-109151-A-16.wav,A,16,109151
483,eat,1,483,audio/0-109151-B-16.wav,B,16,109151
484,eat,1,484,audio/0-126315-A-16.wav,A,16,126315
485,eat,1,485,audio/0-126315-B-16.wav,B,16,126315
486,eat,1,486,audio/0-144183-A-16.wav,A,16,144183
487,eat,1,487,audio/0-157341-A-16.wav,A,16,157341
488,eat,1,488,audio/0-157341-B-16.wav,B,16,157341
489,eat,2,489,audio/1-182861-A-16.wav,A,16,182861
490,eat,2,490,audio/1-182861-B-16.wav,B,16,182861
491,eat,2,491,audio/1-217204-A-16.wav,A,16,217204
492,eat,2,492,audio/1-235905-A-16.wav,A,16,235905
493,eat,2,493,audio/1-251484-A-16.wav,A,16,251484
494,eat,2,494,audio/1-269581-A-16.wav,A,16,269581
495,eat,2,495,audio/1-270492-A-16.wav,A,16,270492
496,eat,2,496,audio/1-318608-A-16.wav,A,16,318608
497,eat,3,497,audio/2-327916-A-16.wav,A,16,327916
498,eat,3,498,audio/2-333825-A-16.wav,A,16,333825
499,eat,3,499,audio/2-353612-A-16.wav,A,16,353612
500,eat,3,500,audio/2-360847-A-16.wav,A,16,360847
501,eat,3,501,audio/2-364923-A-16.wav,A,16,364923
502,eat,3,502,audio/2-382650-A-16.wav,A,16,382650
503,eat,3,503,audio/2-382662-A-16.wav,A,16,382662
504,eat,3,504,audio/2-382664-A-16.wav,A,16,382664
505,eat,4,505,audio/3-382708-A-16.wav,A,16,382708
506,eat,4,506,audio/3-404691-A-16.wav,A,16,404691
507,eat,4,507,audio/3-404691-B-16.wav,B,16,404691
508,eat,4,508,audio/3-408095-A-16.wav,A,16,408095
509,eat,4,509,audio/3-408822-A-16.wav,A,16,408822
510,eat,4,510,audio/3-408981-A-16.wav,A,16,408981
511,eat,4,511,audio/3-411596-A-16.wav,A,16,411596
512,eat,4,512,audio/3-41371-A-16.wav,A,16,41371
513,eat,5,513,audio/4-41371-B-16.wav,B,16,41371
514,eat,5,514,audio/4-425778-A-16.wav,A,16,425778
515,eat,5,515,audio/4-428931-A-16.wav,A,16,428931
516,eat,5,516,audio/4-428938-A-16.wav,A,16,428938
517,eat,5,517,audio/4-434461-A-16.wav,A,16,434461
518,eat,5,518,audio/4-434524-A-16.wav,A,16,434524
519,eat,5,519,audio/4-449605-A-16.wav,A,16,449605
520,eat,5,520,audio/4-458046-A-16.wav,A,16,458046
521,eat,6,521,audio/5-458456-A-16.wav,A,16,458456
522,eat,6,522,audio/5-461342-A-16.wav,A,16,461342
523,fridge,1,523,audio/0-155302-A-2.wav,A,2,155302
524,fridge,1,524,audio/0-166928-A-2.wav,A,2,166928
525,fridge,1,525,audio/0-181617-A-2.wav,A,2,181617
526,fridge,1,526,audio/0-181617-B-2.wav,B,2,181617
527,fridge,1,527,audio/0-181617-C-2.wav,C,2,181617
528,fridge,1,528,audio/0-181617-D-2.wav,D,2,181617
529,fridge,1,529,audio/0-190686-A-2.wav,A,2,190686
530,fridge,1,530,audio/0-202896-A-2.wav,A,2,202896
531,fridge,2,531,audio/1-209533-A-2.wav,A,2,209533
532,fridge,2,532,audio/1-220790-A-2.wav,A,2,220790
533,fridge,2,533,audio/1-220790-B-2.wav,B,2,220790
534,fridge,2,534,audio/1-275954-G-2.wav,G,2,275954
535,fridge,2,535,audio/1-340847-A-2.wav,A,2,340847
536,fridge,2,536,audio/1-370229-A-2.wav,A,2,370229
537,fridge,2,537,audio/1-378327-A-2.wav,A,2,378327
538,fridge,2,538,audio/1-378327-B-2.wav,B,2,378327
539,fridge,3,539,audio/2-442697-B-2.wav,B,2,442697
540,fridge,3,540,audio/2-442697-C-2.wav,C,2,442697
541,fridge,3,541,audio/2-458402-A-2.wav,A,2,458402
542,fridge,3,542,audio/2-71509-A-2.wav,A,2,71509
543,fridge,3,543,audio/2-85109-A-2.wav,A,2,85109
544,fridge,3,544,audio/2-D-Porte-A-2.wav,A,2,D-Porte
545,fridge,3,545,audio/2-D-Porte-B-2.wav,B,2,D-Porte
546,fridge,3,546,audio/2-D-Porte-C-2.wav,C,2,D-Porte
547,fridge,4,547,audio/3-J-frigo.aac-A-2.wav,A,2,J-frigo.aac
548,fridge,4,548,audio/3-J-frigo2.aac-A-2.wav,A,2,J-frigo2.aac
549,fridge,4,549,audio/3-J-frigo2(1).aac-A-2.wav,A,2,J-frigo2(1).aac
550,fridge,4,550,audio/3-J-frigo3.aac-A-2.wav,A,2,J-frigo3.aac
551,fridge,4,551,audio/3-J-frigo3.aac-B-2.wav,B,2,J-frigo3.aac
552,fridge,4,552,audio/3-J-frigo3.aac-C-2.wav,C,2,J-frigo3.aac
553,fridge,4,553,audio/3-J-frigo3.aac-D-2.wav,D,2,J-frigo3.aac
554,fridge,4,554,audio/3-J-frigo3.aac-E-2.wav,E,2,J-frigo3.aac
555,fridge,5,555,audio/4-J-frigo3.aac-F-2.wav,F,2,J-frigo3.aac
556,fridge,5,556,audio/4-Jaz-frigo2019-A-2.wav,A,2,Jaz-frigo2019
557,fridge,5,557,audio/4-Jaz-frigo2019-B-2.wav,B,2,Jaz-frigo2019
558,fridge,5,558,audio/4-Jaz-frigo2019-C-2.wav,C,2,Jaz-frigo2019
559,fridge,5,559,audio/4-Jaz-frigo2019-D-2.wav,D,2,Jaz-frigo2019
560,fridge,5,560,audio/4-K-frigo.m4a-A-2.wav,A,2,K-frigo.m4a
561,fridge,5,561,audio/4-K-frigo.m4a-B-2.wav,B,2,K-frigo.m4a
562,fridge,5,562,audio/4-K-frigo.m4a-C-2.wav,C,2,K-frigo.m4a
563,fridge,6,563,audio/5-K-frigo.m4a-D-2.wav,D,2,K-frigo.m4a
564,fridge,6,564,audio/5-L-Ouvrir-F-2.wav,F,2,L-Ouvrir
565,fridge,6,565,audio/5-L-Ouvrir-G-2.wav,G,2,L-Ouvrir
566,fridge,6,566,audio/5-L-Ouvrir-H-2.wav,H,2,L-Ouvrir
567,fridge,6,567,audio/5-L-Ouvrir-I-2.wav,I,2,L-Ouvrir
568,fridge,6,568,audio/5-M-frigo.wav-A-2.wav,A,2,M-frigo.wav
569,fridge,6,569,audio/5-M-frigo.wav-B-2.wav,B,2,M-frigo.wav
570,fridge,6,570,audio/5-M-frigo.wav-C-2.wav,C,2,M-frigo.wav
571,fridge,7,571,audio/6-M-frigo.wav-D-2.wav,D,2,M-frigo.wav
572,fridge,7,572,audio/6-M-frigo.wav-E-2.wav,E,2,M-frigo.wav
573,frying-pan,1,573,audio/0-109091-A-6.wav,A,6,109091
574,frying-pan,1,574,audio/0-109091-B-6.wav,B,6,109091
575,frying-pan,1,575,audio/0-109091-C-6.wav,C,6,109091
576,frying-pan,1,576,audio/0-109091-D-6.wav,D,6,109091
577,frying-pan,1,577,audio/0-149276-C-6.wav,C,6,149276
578,frying-pan,1,578,audio/0-156973-A-6.wav,A,6,156973
579,frying-pan,1,579,audio/0-156973-B-6.wav,B,6,156973
580,frying-pan,1,580,audio/0-156973-C-6.wav,C,6,156973
581,frying-pan,2,581,audio/1-181627-A-6.wav,A,6,181627
582,frying-pan,2,582,audio/1-210023-A-6.wav,A,6,210023
583,frying-pan,2,583,audio/1-210023-B-6.wav,B,6,210023
584,frying-pan,2,584,audio/1-232245-A-6.wav,A,6,232245
585,frying-pan,2,585,audio/1-232245-B-6.wav,B,6,232245
586,frying-pan,2,586,audio/1-232245-C-6.wav,C,6,232245
587,frying-pan,2,587,audio/1-232245-D-6.wav,D,6,232245
588,frying-pan,2,588,audio/1-235537-A-6.wav,A,6,235537
589,frying-pan,3,589,audio/2-235537-B-6.wav,B,6,235537
590,frying-pan,3,590,audio/2-237693-A-6.wav,A,6,237693
591,frying-pan,3,591,audio/2-237693-B-6.wav,B,6,237693
592,frying-pan,3,592,audio/2-239639-A-6.wav,A,6,239639
593,frying-pan,3,593,audio/2-239639-B-6.wav,B,6,239639
594,frying-pan,3,594,audio/2-264451-A-6.wav,A,6,264451
595,frying-pan,3,595,audio/2-264451-B-6.wav,B,6,264451
596,frying-pan,3,596,audio/2-264451-C-6.wav,C,6,264451
597,frying-pan,4,597,audio/3-264451-D-6.wav,D,6,264451
598,frying-pan,4,598,audio/3-267310-A-6.wav,A,6,267310
599,frying-pan,4,599,audio/3-267310-B-6.wav,B,6,267310
600,frying-pan,4,600,audio/3-267310-C-6.wav,C,6,267310
601,frying-pan,4,601,audio/3-320731-A-6.wav,A,6,320731
602,frying-pan,4,602,audio/3-320731-B-6.wav,B,6,320731
603,frying-pan,4,603,audio/3-320731-C-6.wav,C,6,320731
604,frying-pan,4,604,audio/3-320731-D-6.wav,D,6,320731
605,frying-pan,5,605,audio/4-32371-A-6.wav,A,6,32371
606,frying-pan,5,606,audio/4-32371-B-6.wav,B,6,32371
607,frying-pan,5,607,audio/4-32371-C-6.wav,C,6,32371
608,frying-pan,5,608,audio/4-32371-D-6.wav,D,6,32371
609,frying-pan,5,609,audio/4-332561-A-6.wav,A,6,332561
610,frying-pan,5,610,audio/4-333518-A-6.wav,A,6,333518
611,frying-pan,5,611,audio/4-333518-B-6.wav,B,6,333518
612,frying-pan,5,612,audio/4-349094-A-6.wav,A,6,349094
613,frying-pan,6,613,audio/5-349094-B-6.wav,B,6,349094
614,frying-pan,6,614,audio/5-351277-A-6.wav,A,6,351277
615,frying-pan,6,615,audio/5-351277-B-6.wav,B,6,351277
616,frying-pan,6,616,audio/5-387968-A-6.wav,A,6,387968
617,frying-pan,6,617,audio/5-387968-B-6.wav,B,6,387968
618,frying-pan,6,618,audio/5-388092-A-6.wav,A,6,388092
619,frying-pan,6,619,audio/5-408719-A-6.wav,A,6,408719
620,frying-pan,6,620,audio/5-408719-B-6.wav,B,6,408719
621,frying-pan,7,621,audio/6-417995-A-6.wav,A,6,417995
622,frying-pan,7,622,audio/6-421957-A-6.wav,A,6,421957
623,frying-pan,7,623,audio/6-421957-B-6.wav,B,6,421957
624,frying-pan,7,624,audio/6-421957-C-6.wav,C,6,421957
625,frying-pan,7,625,audio/6-426870-A-6.wav,A,6,426870
626,frying-pan,7,626,audio/6-426870-B-6.wav,B,6,426870
627,frying-pan,7,627,audio/6-426870-C-6.wav,C,6,426870
628,frying-pan,7,628,audio/6-434619-A-6.wav,A,6,434619
629,frying-pan,8,629,audio/7-440830-A-6.wav,A,6,440830
630,frying-pan,8,630,audio/7-440830-B-6.wav,B,6,440830
631,frying-pan,8,631,audio/7-440830-C-6.wav,C,6,440830
632,frying-pan,8,632,audio/7-440856-A-6.wav,A,6,440856
633,frying-pan,8,633,audio/7-440856-B-6.wav,B,6,440856
634,frying-pan,8,634,audio/7-66716-A-6.wav,A,6,66716
635,frying-pan,8,635,audio/7-66716-B-6.wav,B,6,66716
636,frying-pan,8,636,audio/7-69597-B-6.wav,B,6,69597
637,frying-pan,9,637,audio/8-69597-C-6.wav,C,6,69597
638,frying-pan,9,638,audio/8-85109-B-6.wav,B,6,85109
639,frying-pan,9,639,audio/8-85109-C-6.wav,C,6,85109
640,frying-pan,9,640,audio/8-85109-D-6.wav,D,6,85109
641,juicer,1,641,audio/0-220774-A-9.wav,A,9,220774
642,juicer,1,642,audio/0-220774-B-9.wav,B,9,220774
643,juicer,1,643,audio/0-220774-C-9.wav,C,9,220774
644,juicer,1,644,audio/0-220774-D-9.wav,D,9,220774
645,juicer,1,645,audio/0-324782-A-9.wav,A,9,324782
646,juicer,1,646,audio/0-324782-B-9.wav,B,9,324782
647,juicer,1,647,audio/0-324782-C-9.wav,C,9,324782
648,juicer,1,648,audio/0-324782-D-9.wav,D,9,324782
649,juicer,2,649,audio/1-46221-A-9.wav,A,9,46221
650,juicer,2,650,audio/1-46221-B-9.wav,B,9,46221
651,juicer,2,651,audio/1-46221-C-9.wav,C,9,46221
652,juicer,2,652,audio/1-46221-D-9.wav,D,9,46221
653,juicer,2,653,audio/1-46222-A-9.wav,A,9,46222
654,juicer,2,654,audio/1-46222-B-9.wav,B,9,46222
655,juicer,2,655,audio/1-46222-C-9.wav,C,9,46222
656,juicer,2,656,audio/1-46222-D-9.wav,D,9,46222
657,juicer,3,657,audio/2-D-Presse-agrumes.m4a-A-9.wav,A,9,D-Presse-agrumes.m4a
658,juicer,3,658,audio/2-D-Presse-agrumes.m4a-B-9.wav,B,9,D-Presse-agrumes.m4a
659,juicer,3,659,audio/2-D-Presse-agrumes.m4a-C-9.wav,C,9,D-Presse-agrumes.m4a
660,juicer,3,660,audio/2-D-Presse-agrumes.m4a-D-9.wav,D,9,D-Presse-agrumes.m4a
661,juicer,3,661,audio/2-D-Presse-agrumes.m4a-E-9.wav,E,9,D-Presse-agrumes.m4a
662,juicer,3,662,audio/2-D-Presse-agrumes.m4a-F-9.wav,F,9,D-Presse-agrumes.m4a
663,juicer,3,663,audio/2-M-preseAgrume2.wav-A-9.wav,A,9,M-preseAgrume2.wav
664,juicer,3,664,audio/2-M-preseAgrume2.wav-B-9.wav,B,9,M-preseAgrume2.wav
665,juicer,4,665,audio/3-M-preseAgrume2.wav-C-9.wav,C,9,M-preseAgrume2.wav
666,juicer,4,666,audio/3-M-preseAgrume2.wav-D-9.wav,D,9,M-preseAgrume2.wav
667,juicer,4,667,audio/3-M-presseAgrume.wav-A-9.wav,A,9,M-presseAgrume.wav
668,juicer,4,668,audio/3-M-presseAgrume.wav-B-9.wav,B,9,M-presseAgrume.wav
669,juicer,4,669,audio/3-M2-A-9.wav,A,9,M2
670,juicer,4,670,audio/3-M2-B-9.wav,B,9,M2
671,juicer,4,671,audio/3-M2-C-9.wav,C,9,M2
672,juicer,4,672,audio/3-M2-D-9.wav,D,9,M2
673,juicer,5,673,audio/4-M2-E-9.wav,E,9,M2
674,juicer,5,674,audio/4-M2-F-9.wav,F,9,M2
675,microwave,1,675,audio/0-101477-A-3.wav,A,3,101477
676,microwave,1,676,audio/0-101477-B-3.wav,B,3,101477
677,microwave,1,677,audio/0-101477-C-3.wav,C,3,101477
678,microwave,1,678,audio/0-102692-A-3.wav,A,3,102692
679,microwave,1,679,audio/0-102692-B-3.wav,B,3,102692
680,microwave,1,680,audio/0-102692-C-3.wav,C,3,102692
681,microwave,1,681,audio/0-149276-D-3.wav,D,3,149276
682,microwave,1,682,audio/0-156109-A-3.wav,A,3,156109
683,microwave,2,683,audio/1-166926-A-3.wav,A,3,166926
684,microwave,2,684,audio/1-166926-B-3.wav,B,3,166926
685,microwave,2,685,audio/1-166926-C-3.wav,C,3,166926
686,microwave,2,686,audio/1-171378-A-3.wav,A,3,171378
687,microwave,2,687,audio/1-171450-A-3.wav,A,3,171450
688,microwave,2,688,audio/1-182743-A-3.wav,A,3,182743
689,microwave,2,689,audio/1-182743-B-3.wav,B,3,182743
690,microwave,2,690,audio/1-182743-C-3.wav,C,3,182743
691,microwave,3,691,audio/2-185883-A-3.wav,A,3,185883
692,microwave,3,692,audio/2-201660-A-3.wav,A,3,201660
693,microwave,3,693,audio/2-201660-B-3.wav,B,3,201660
694,microwave,3,694,audio/2-202896-B-3.wav,B,3,202896
695,microwave,3,695,audio/2-202896-C-3.wav,C,3,202896
696,microwave,3,696,audio/2-209539-A-3.wav,A,3,209539
697,microwave,3,697,audio/2-220848-A-3.wav,A,3,220848
698,microwave,3,698,audio/2-240547-A-3.wav,A,3,240547
699,microwave,4,699,audio/3-240547-B-3.wav,B,3,240547
700,microwave,4,700,audio/3-254814-A-3.wav,A,3,254814
701,microwave,4,701,audio/3-254814-B-3.wav,B,3,254814
702,microwave,4,702,audio/3-264310-A-3.wav,A,3,264310
703,microwave,4,703,audio/3-264310-B-3.wav,B,3,264310
704,microwave,4,704,audio/3-264310-C-3.wav,C,3,264310
705,microwave,4,705,audio/3-27367-A-3.wav,A,3,27367
706,microwave,4,706,audio/3-275954-H-3.wav,H,3,275954
707,microwave,5,707,audio/4-275954-I-3.wav,I,3,275954
708,microwave,5,708,audio/4-334488-A-3.wav,A,3,334488
709,microwave,5,709,audio/4-334488-B-3.wav,B,3,334488
710,microwave,5,710,audio/4-335882-B-3.wav,B,3,335882
711,microwave,5,711,audio/4-345711-B-3.wav,B,3,345711
712,microwave,5,712,audio/4-345711-C-3.wav,C,3,345711
713,microwave,5,713,audio/4-349485-A-3.wav,A,3,349485
714,microwave,5,714,audio/4-349485-B-3.wav,B,3,349485
715,microwave,6,715,audio/5-353650-A-3.wav,A,3,353650
716,microwave,6,716,audio/5-370235-A-3.wav,A,3,370235
717,microwave,6,717,audio/5-400682-A-3.wav,A,3,400682
718,microwave,6,718,audio/5-400682-B-3.wav,B,3,400682
719,microwave,6,719,audio/5-408767-A-3.wav,A,3,408767
720,microwave,6,720,audio/5-426873-A-3.wav,A,3,426873
721,microwave,6,721,audio/5-426873-B-3.wav,B,3,426873
722,microwave,6,722,audio/5-427812-A-3.wav,A,3,427812
723,microwave,7,723,audio/6-457029-A-3.wav,A,3,457029
724,microwave,7,724,audio/6-64126-A-3.wav,A,3,64126
725,microwave,7,725,audio/6-83703-A-3.wav,A,3,83703
726,peel,1,726,audio/0-110105-A-17.wav,A,17,110105
727,peel,1,727,audio/0-110105-B-17.wav,B,17,110105
728,peel,1,728,audio/0-110105-C-17.wav,C,17,110105
729,peel,1,729,audio/0-110105-D-17.wav,D,17,110105
730,peel,1,730,audio/0-182428-A-17.wav,A,17,182428
731,peel,1,731,audio/0-249774-A-17.wav,A,17,249774
732,peel,1,732,audio/0-249774-B-17.wav,B,17,249774
733,peel,1,733,audio/0-249774-C-17.wav,C,17,249774
734,peel,2,734,audio/1-249774-D-17.wav,D,17,249774
735,peel,2,735,audio/1-360792-A-17.wav,A,17,360792
736,peel,2,736,audio/1-429887-A-17.wav,A,17,429887
737,peel,2,737,audio/1-429887-B-17.wav,B,17,429887
738,peel,2,738,audio/1-429887-C-17.wav,C,17,429887
739,peel,2,739,audio/1-429887-D-17.wav,D,17,429887
740,peel,2,740,audio/1-459399-A-17.wav,A,17,459399
741,peel,2,741,audio/1-459399-B-17.wav,B,17,459399
742,peel,3,742,audio/2-459399-C-17.wav,C,17,459399
743,peel,3,743,audio/2-459399-D-17.wav,D,17,459399
744,peel,3,744,audio/2-econome1.wav-A-17.wav,A,17,econome1.wav
745,peel,3,745,audio/2-econome1.wav-B-17.wav,B,17,econome1.wav
746,peel,3,746,audio/2-econome1.wav-C-17.wav,C,17,econome1.wav
747,peel,3,747,audio/2-econome1.wav-D-17.wav,D,17,econome1.wav
748,peel,3,748,audio/2-J2-rapper.mp4-A-17.wav,A,17,J2-rapper.mp4
749,peel,3,749,audio/2-J2-rapper.mp4-B-17.wav,B,17,J2-rapper.mp4
750,peel,4,750,audio/3-J2-rapper.mp4-C-17.wav,C,17,J2-rapper.mp4
751,peel,4,751,audio/3-J2-rapper.mp4-D-17.wav,D,17,J2-rapper.mp4
752,peel,4,752,audio/3-J2-rapper.mp4-E-17.wav,E,17,J2-rapper.mp4
753,peel,4,753,audio/3-J2-rapper.mp4-F-17.wav,F,17,J2-rapper.mp4
754,peel,4,754,audio/3-M-eplucher.wav-A-17.wav,A,17,M-eplucher.wav
755,peel,4,755,audio/3-M-eplucher.wav-B-17.wav,B,17,M-eplucher.wav
756,peel,4,756,audio/3-M-eplucher.wav-C-17.wav,C,17,M-eplucher.wav
757,peel,4,757,audio/3-M-eplucher.wav-D-17.wav,D,17,M-eplucher.wav
758,peel,5,758,audio/4-M-eplucher.wav-E-17.wav,E,17,M-eplucher.wav
759,peel,5,759,audio/4-M-eplucher(1).wav-A-17.wav,A,17,M-eplucher(1).wav
760,peel,5,760,audio/4-M-eplucher(1).wav-B-17.wav,B,17,M-eplucher(1).wav
761,peel,5,761,audio/4-M-eplucher(1).wav-C-17.wav,C,17,M-eplucher(1).wav
762,peel,5,762,audio/4-M-eplucher(1).wav-D-17.wav,D,17,M-eplucher(1).wav
763,peel,5,763,audio/4-M2-G-17.wav,G,17,M2
764,peel,5,764,audio/4-M2-H-17.wav,H,17,M2
765,peel,5,765,audio/4-M2-I-17.wav,I,17,M2
766,peel,6,766,audio/5-M2-J-17.wav,J,17,M2
767,plates,1,767,audio/0-144185-A-18.wav,A,18,144185
768,plates,1,768,audio/0-144185-B-18.wav,B,18,144185
769,plates,1,769,audio/0-186419-A-18.wav,A,18,186419
770,plates,1,770,audio/0-214440-A-18.wav,A,18,214440
771,plates,1,771,audio/0-214440-B-18.wav,B,18,214440
772,plates,1,772,audio/0-214440-C-18.wav,C,18,214440
773,plates,1,773,audio/0-214440-D-18.wav,D,18,214440
774,plates,1,774,audio/0-275584-A-18.wav,A,18,275584
775,plates,2,775,audio/1-275954-J-18.wav,J,18,275954
776,plates,2,776,audio/1-33986-A-18.wav,A,18,33986
777,plates,2,777,audio/1-33986-B-18.wav,B,18,33986
778,plates,2,778,audio/1-341961-C-18.wav,C,18,341961
779,plates,2,779,audio/1-344362-A-18.wav,A,18,344362
780,plates,2,780,audio/1-365521-A-18.wav,A,18,365521
781,plates,2,781,audio/1-365521-B-18.wav,B,18,365521
782,plates,2,782,audio/1-408759-A-18.wav,A,18,408759
783,plates,3,783,audio/2-408759-B-18.wav,B,18,408759
784,plates,3,784,audio/2-408759-C-18.wav,C,18,408759
785,plates,3,785,audio/2-409874-A-18.wav,A,18,409874
786,plates,3,786,audio/2-409874-B-18.wav,B,18,409874
787,plates,3,787,audio/2-413262-A-18.wav,A,18,413262
788,plates,3,788,audio/2-413262-B-18.wav,B,18,413262
789,plates,3,789,audio/2-439584-A-18.wav,A,18,439584
790,plates,3,790,audio/2-439584-B-18.wav,B,18,439584
791,plates,4,791,audio/3-439584-C-18.wav,C,18,439584
792,plates,4,792,audio/3-D-Assiettes.m4a-A-18.wav,A,18,D-Assiettes.m4a
793,plates,4,793,audio/3-D-Assiettes.m4a-B-18.wav,B,18,D-Assiettes.m4a
794,plates,4,794,audio/3-D-Assiettes.m4a-C-18.wav,C,18,D-Assiettes.m4a
795,plates,4,795,audio/3-D-Assiettes.m4a-D-18.wav,D,18,D-Assiettes.m4a
796,plates,4,796,audio/3-D-Assiettes.m4a-E-18.wav,E,18,D-Assiettes.m4a
797,plates,4,797,audio/3-D-Assiettes.m4a-F-18.wav,F,18,D-Assiettes.m4a
798,plates,4,798,audio/3-J-assiettes.aac-A-18.wav,A,18,J-assiettes.aac
799,plates,5,799,audio/4-J-assiettes2.aac-A-18.wav,A,18,J-assiettes2.aac
800,plates,5,800,audio/4-J-assiettes3.aac-A-18.wav,A,18,J-assiettes3.aac
801,plates,5,801,audio/4-J-assiettes3.aac-B-18.wav,B,18,J-assiettes3.aac
802,plates,5,802,audio/4-J-assiettes4.aac-A-18.wav,A,18,J-assiettes4.aac
803,plates,5,803,audio/4-J-assiettes4.aac-B-18.wav,B,18,J-assiettes4.aac
804,plates,5,804,audio/4-J-assiettes4.aac-C-18.wav,C,18,J-assiettes4.aac
805,plates,5,805,audio/4-J-assiettes4.aac-D-18.wav,D,18,J-assiettes4.aac
806,plates,5,806,audio/4-J-assiettes4.aac-E-18.wav,E,18,J-assiettes4.aac
807,plates,6,807,audio/5-J-assiettes4.aac-F-18.wav,F,18,J-assiettes4.aac
808,plates,6,808,audio/5-J2-assiettes.mp4-A-18.wav,A,18,J2-assiettes.mp4
809,plates,6,809,audio/5-J2-assiettes.mp4-B-18.wav,B,18,J2-assiettes.mp4
810,plates,6,810,audio/5-J2-assiettes.mp4-C-18.wav,C,18,J2-assiettes.mp4
811,plates,6,811,audio/5-J2-assiettes.mp4-D-18.wav,D,18,J2-assiettes.mp4
812,plates,6,812,audio/5-Jaz-assiettes2019-A-18.wav,A,18,Jaz-assiettes2019
813,plates,6,813,audio/5-Jaz-assiettes2019-B-18.wav,B,18,Jaz-assiettes2019
814,plates,6,814,audio/5-Jaz-assiettes2019-C-18.wav,C,18,Jaz-assiettes2019
815,plates,7,815,audio/6-Jaz-assiettes2019-D-18.wav,D,18,Jaz-assiettes2019
816,plates,7,816,audio/6-Jaz-assiettes2019-E-18.wav,E,18,Jaz-assiettes2019
817,plates,7,817,audio/6-K-assiettes.m4a-A-18.wav,A,18,K-assiettes.m4a
818,plates,7,818,audio/6-K-assiettes.m4a-B-18.wav,B,18,K-assiettes.m4a
819,plates,7,819,audio/6-K-assiettes.m4a-C-18.wav,C,18,K-assiettes.m4a
820,plates,7,820,audio/6-K-assiettes.m4a-D-18.wav,D,18,K-assiettes.m4a
821,plates,7,821,audio/6-L-Assiettes.3gp-A-18.wav,A,18,L-Assiettes.3gp
822,plates,7,822,audio/6-L-Assiettes.3gp-B-18.wav,B,18,L-Assiettes.3gp
823,plates,8,823,audio/7-L-Assiettes.3gp-C-18.wav,C,18,L-Assiettes.3gp
824,plates,8,824,audio/7-L-Assiettes.3gp-D-18.wav,D,18,L-Assiettes.3gp
825,plates,8,825,audio/7-M-assiettes.wav-A-18.wav,A,18,M-assiettes.wav
826,plates,8,826,audio/7-M-assiettes.wav-B-18.wav,B,18,M-assiettes.wav
827,plates,8,827,audio/7-M-assiettes.wav-C-18.wav,C,18,M-assiettes.wav
828,plates,8,828,audio/7-M-assiettes.wav-D-18.wav,D,18,M-assiettes.wav
829,plates,8,829,audio/7-M-assiettes.wav-E-18.wav,E,18,M-assiettes.wav
830,stove-burner,1,830,audio/0-102709-A-5.wav,A,5,102709
831,stove-burner,1,831,audio/0-102709-B-5.wav,B,5,102709
832,stove-burner,1,832,audio/0-108240-A-5.wav,A,5,108240
833,stove-burner,1,833,audio/0-108842-A-5.wav,A,5,108842
834,stove-burner,1,834,audio/0-16365-A-5.wav,A,5,16365
835,stove-burner,1,835,audio/0-166921-A-5.wav,A,5,166921
836,stove-burner,1,836,audio/0-176016-A-5.wav,A,5,176016
837,stove-burner,1,837,audio/0-181627-B-5.wav,B,5,181627
838,stove-burner,2,838,audio/1-185617-B-5.wav,B,5,185617
839,stove-burner,2,839,audio/1-210031-A-5.wav,A,5,210031
840,stove-burner,2,840,audio/1-233295-A-5.wav,A,5,233295
841,stove-burner,2,841,audio/1-234882-A-5.wav,A,5,234882
842,stove-burner,2,842,audio/1-240077-A-5.wav,A,5,240077
843,stove-burner,2,843,audio/1-240077-B-5.wav,B,5,240077
844,stove-burner,2,844,audio/1-26401-A-5.wav,A,5,26401
845,stove-burner,2,845,audio/1-275954-K-5.wav,K,5,275954
846,stove-burner,3,846,audio/2-335882-C-5.wav,C,5,335882
847,stove-burner,3,847,audio/2-336507-A-5.wav,A,5,336507
848,stove-burner,3,848,audio/2-336507-B-5.wav,B,5,336507
849,stove-burner,3,849,audio/2-342637-A-5.wav,A,5,342637
850,stove-burner,3,850,audio/2-348127-A-5.wav,A,5,348127
851,stove-burner,3,851,audio/2-348127-B-5.wav,B,5,348127
852,stove-burner,3,852,audio/2-408993-A-5.wav,A,5,408993
853,stove-burner,3,853,audio/2-408993-B-5.wav,B,5,408993
854,stove-burner,4,854,audio/3-426225-A-5.wav,A,5,426225
855,stove-burner,4,855,audio/3-426225-B-5.wav,B,5,426225
856,stove-burner,4,856,audio/3-53669-A-5.wav,A,5,53669
857,stove-burner,4,857,audio/3-70770-A-5.wav,A,5,70770
858,stove-burner,4,858,audio/3-70770-B-5.wav,B,5,70770
859,stove-burner,4,859,audio/3-70770-C-5.wav,C,5,70770
860,stove-burner,4,860,audio/3-70926-A-5.wav,A,5,70926
861,stove-burner,4,861,audio/3-70926-B-5.wav,B,5,70926
862,stove-burner,5,862,audio/4-85839-A-5.wav,A,5,85839
863,stove-burner,5,863,audio/4-85843-A-5.wav,A,5,85843
864,stove-burner,5,864,audio/4-85844-A-5.wav,A,5,85844
865,stove-burner,5,865,audio/4-J-gaz.aac-A-5.wav,A,5,J-gaz.aac
866,stove-burner,5,866,audio/4-J-gaz.aac-B-5.wav,B,5,J-gaz.aac
867,stove-burner,5,867,audio/4-J-gaz2.aac-A-5.wav,A,5,J-gaz2.aac
868,stove-burner,5,868,audio/4-J-gaz2.aac-B-5.wav,B,5,J-gaz2.aac
869,stove-burner,5,869,audio/4-J-gaz2.aac-C-5.wav,C,5,J-gaz2.aac
870,stove-burner,6,870,audio/5-J-gaz2.aac-D-5.wav,D,5,J-gaz2.aac
871,stove-burner,6,871,audio/5-J-gaz2.aac-E-5.wav,E,5,J-gaz2.aac
872,stove-burner,6,872,audio/5-L-Bruleur-A-5.wav,A,5,L-Bruleur
873,stove-burner,6,873,audio/5-L-Bruleur-B-5.wav,B,5,L-Bruleur
874,stove-burner,6,874,audio/5-L-Bruleur-C-5.wav,C,5,L-Bruleur
875,stove-fan,1,875,audio/0-137248-A-4.wav,A,4,137248
876,stove-fan,1,876,audio/0-137248-B-4.wav,B,4,137248
877,stove-fan,1,877,audio/0-146774-A-4.wav,A,4,146774
878,stove-fan,1,878,audio/0-146774-B-4.wav,B,4,146774
879,stove-fan,1,879,audio/0-146774-C-4.wav,C,4,146774
880,stove-fan,1,880,audio/0-146774-D-4.wav,D,4,146774
881,stove-fan,1,881,audio/0-168477-A-4.wav,A,4,168477
882,stove-fan,1,882,audio/0-168477-B-4.wav,B,4,168477
883,stove-fan,2,883,audio/1-168478-A-4.wav,A,4,168478
884,stove-fan,2,884,audio/1-168478-B-4.wav,B,4,168478
885,stove-fan,2,885,audio/1-175398-A-4.wav,A,4,175398
886,stove-fan,2,886,audio/1-175398-B-4.wav,B,4,175398
887,stove-fan,2,887,audio/1-175406-A-4.wav,A,4,175406
888,stove-fan,2,888,audio/1-175406-B-4.wav,B,4,175406
889,stove-fan,2,889,audio/1-175406-C-4.wav,C,4,175406
890,stove-fan,2,890,audio/1-175406-D-4.wav,D,4,175406
891,stove-fan,3,891,audio/2-400577-A-4.wav,A,4,400577
892,stove-fan,3,892,audio/2-460929-A-4.wav,A,4,460929
893,stove-fan,3,893,audio/2-460929-B-4.wav,B,4,460929
894,stove-fan,3,894,audio/2-460929-C-4.wav,C,4,460929
895,stove-fan,3,895,audio/2-54574-A-4.wav,A,4,54574
896,stove-fan,3,896,audio/2-54574-B-4.wav,B,4,54574
897,stove-fan,3,897,audio/2-54574-C-4.wav,C,4,54574
898,stove-fan,3,898,audio/2-54574-D-4.wav,D,4,54574
899,stove-fan,4,899,audio/3-66365-A-4.wav,A,4,66365
900,stove-fan,4,900,audio/3-66365-B-4.wav,B,4,66365
901,stove-fan,4,901,audio/3-66365-C-4.wav,C,4,66365
902,stove-fan,4,902,audio/3-66365-D-4.wav,D,4,66365
903,stove-fan,4,903,audio/3-85826-A-4.wav,A,4,85826
904,stove-fan,4,904,audio/3-85826-B-4.wav,B,4,85826
905,stove-fan,4,905,audio/3-D-Hotte.m4a-A-4.wav,A,4,D-Hotte.m4a
906,stove-fan,4,906,audio/3-D-Hotte.m4a-B-4.wav,B,4,D-Hotte.m4a
907,stove-fan,5,907,audio/4-J-hotte.aac-A-4.wav,A,4,J-hotte.aac
908,stove-fan,5,908,audio/4-J-hotte.aac-B-4.wav,B,4,J-hotte.aac
909,stove-fan,5,909,audio/4-J-hotte.aac-C-4.wav,C,4,J-hotte.aac
910,stove-fan,5,910,audio/4-J-hotte2.aac-A-4.wav,A,4,J-hotte2.aac
911,stove-fan,5,911,audio/4-J-hotte2.aac-B-4.wav,B,4,J-hotte2.aac
912,stove-fan,5,912,audio/4-J-hotte2.aac-C-4.wav,C,4,J-hotte2.aac
913,stove-fan,5,913,audio/4-Jaz-hotte2019-A-4.wav,A,4,Jaz-hotte2019
914,stove-fan,5,914,audio/4-Jaz-hotte2019-B-4.wav,B,4,Jaz-hotte2019
915,stove-fan,6,915,audio/5-Jaz-hotte2019-C-4.wav,C,4,Jaz-hotte2019
916,stove-fan,6,916,audio/5-Jaz-hotte2019-D-4.wav,D,4,Jaz-hotte2019
917,stove-fan,6,917,audio/5-K-hotte.m4a-A-4.wav,A,4,K-hotte.m4a
918,stove-fan,6,918,audio/5-K-hotte.m4a-B-4.wav,B,4,K-hotte.m4a
919,stove-fan,6,919,audio/5-K-hotte.m4a-C-4.wav,C,4,K-hotte.m4a
920,stove-fan,6,920,audio/5-L-Bruit-A-4.wav,A,4,L-Bruit
921,stove-fan,6,921,audio/5-L-Bruit-B-4.wav,B,4,L-Bruit
922,stove-fan,6,922,audio/5-M-hotte.wav-A-4.wav,A,4,M-hotte.wav
923,stove-fan,7,923,audio/6-M-hotte.wav-B-4.wav,B,4,M-hotte.wav
924,stove-fan,7,924,audio/6-M-hotte.wav-C-4.wav,C,4,M-hotte.wav
925,stove-fan,7,925,audio/6-M-hotte.wav-D-4.wav,D,4,M-hotte.wav
926,stove-fan,7,926,audio/6-M-hotte.wav-E-4.wav,E,4,M-hotte.wav
927,stove-fan,7,927,audio/6-M-hotte.wav-F-4.wav,F,4,M-hotte.wav
928,stove-fan,7,928,audio/6-M-hotte.wav-G-4.wav,G,4,M-hotte.wav
929,sweep,1,929,audio/0-122815-A-19.wav,A,19,122815
930,sweep,1,930,audio/0-122815-B-19.wav,B,19,122815
931,sweep,1,931,audio/0-122815-C-19.wav,C,19,122815
932,sweep,1,932,audio/0-125866-A-19.wav,A,19,125866
933,sweep,1,933,audio/0-125866-B-19.wav,B,19,125866
934,sweep,1,934,audio/0-182428-B-19.wav,B,19,182428
935,sweep,1,935,audio/0-186043-A-19.wav,A,19,186043
936,sweep,1,936,audio/0-186043-B-19.wav,B,19,186043
937,sweep,2,937,audio/1-186043-C-19.wav,C,19,186043
938,sweep,2,938,audio/1-186043-D-19.wav,D,19,186043
939,sweep,2,939,audio/1-186043-E-19.wav,E,19,186043
940,sweep,2,940,audio/1-20286-A-19.wav,A,19,20286
941,sweep,2,941,audio/1-20286-B-19.wav,B,19,20286
942,sweep,2,942,audio/1-213569-A-19.wav,A,19,213569
943,sweep,2,943,audio/1-213569-B-19.wav,B,19,213569
944,sweep,2,944,audio/1-222555-A-19.wav,A,19,222555
945,sweep,3,945,audio/2-222555-B-19.wav,B,19,222555
946,sweep,3,946,audio/2-241350-A-19.wav,A,19,241350
947,sweep,3,947,audio/2-241350-B-19.wav,B,19,241350
948,sweep,3,948,audio/2-241350-C-19.wav,C,19,241350
949,sweep,3,949,audio/2-325956-A-19.wav,A,19,325956
950,sweep,3,950,audio/2-325956-B-19.wav,B,19,325956
951,sweep,3,951,audio/2-326690-A-19.wav,A,19,326690
952,sweep,3,952,audio/2-326690-B-19.wav,B,19,326690
953,sweep,4,953,audio/3-328047-A-19.wav,A,19,328047
954,sweep,4,954,audio/3-328047-B-19.wav,B,19,328047
955,sweep,4,955,audio/3-328047-C-19.wav,C,19,328047
956,sweep,4,956,audio/3-328047-D-19.wav,D,19,328047
957,sweep,4,957,audio/3-328324-A-19.wav,A,19,328324
958,sweep,4,958,audio/3-328324-B-19.wav,B,19,328324
959,sweep,4,959,audio/3-328324-C-19.wav,C,19,328324
960,sweep,4,960,audio/3-328324-D-19.wav,D,19,328324
961,sweep,5,961,audio/4-344428-A-19.wav,A,19,344428
962,sweep,5,962,audio/4-344428-B-19.wav,B,19,344428
963,sweep,5,963,audio/4-344428-C-19.wav,C,19,344428
964,sweep,5,964,audio/4-353647-A-19.wav,A,19,353647
965,sweep,5,965,audio/4-353647-B-19.wav,B,19,353647
966,sweep,5,966,audio/4-366704-A-19.wav,A,19,366704
967,sweep,5,967,audio/4-378313-A-19.wav,A,19,378313
968,sweep,5,968,audio/4-378313-B-19.wav,B,19,378313
969,sweep,6,969,audio/5-378313-C-19.wav,C,19,378313
970,sweep,6,970,audio/5-408206-A-19.wav,A,19,408206
971,sweep,6,971,audio/5-408217-A-19.wav,A,19,408217
972,sweep,6,972,audio/5-441931-A-19.wav,A,19,441931
973,sweep,6,973,audio/5-441931-B-19.wav,B,19,441931
974,sweep,6,974,audio/5-441931-C-19.wav,C,19,441931
975,sweep,6,975,audio/5-444937-A-19.wav,A,19,444937
976,sweep,6,976,audio/5-444937-B-19.wav,B,19,444937
977,sweep,7,977,audio/6-444937-C-19.wav,C,19,444937
978,sweep,7,978,audio/6-445516-A-19.wav,A,19,445516
979,sweep,7,979,audio/6-452705-A-19.wav,A,19,452705
980,sweep,7,980,audio/6-452795-A-19.wav,A,19,452795
981,sweep,7,981,audio/6-452795-B-19.wav,B,19,452795
982,sweep,7,982,audio/6-D-Balai.m4a-A-19.wav,A,19,D-Balai.m4a
983,sweep,7,983,audio/6-D-Balai.m4a-B-19.wav,B,19,D-Balai.m4a
984,sweep,7,984,audio/6-D-Balai.m4a-C-19.wav,C,19,D-Balai.m4a
985,sweep,8,985,audio/7-D-Balai.m4a-D-19.wav,D,19,D-Balai.m4a
986,sweep,8,986,audio/7-D-Balai.m4a-E-19.wav,E,19,D-Balai.m4a
987,sweep,8,987,audio/7-D-Balai.m4a-F-19.wav,F,19,D-Balai.m4a
988,water-flowing,1,988,audio/0-152977-A-7.wav,A,7,152977
989,water-flowing,1,989,audio/0-153243-A-7.wav,A,7,153243
990,water-flowing,1,990,audio/0-155306-A-7.wav,A,7,155306
991,water-flowing,1,991,audio/0-155899-A-7.wav,A,7,155899
992,water-flowing,1,992,audio/0-155899-B-7.wav,B,7,155899
993,water-flowing,1,993,audio/0-155899-C-7.wav,C,7,155899
994,water-flowing,1,994,audio/0-168651-A-7.wav,A,7,168651
995,water-flowing,1,995,audio/0-168651-B-7.wav,B,7,168651
996,water-flowing,2,996,audio/1-169937-A-7.wav,A,7,169937
997,water-flowing,2,997,audio/1-172726-A-7.wav,A,7,172726
998,water-flowing,2,998,audio/1-178417-A-7.wav,A,7,178417
999,water-flowing,2,999,audio/1-178417-B-7.wav,B,7,178417
1000,water-flowing,2,1000,audio/1-181629-A-7.wav,A,7,181629
1001,water-flowing,2,1001,audio/1-181629-B-7.wav,B,7,181629
1002,water-flowing,2,1002,audio/1-182428-C-7.wav,C,7,182428
1003,water-flowing,2,1003,audio/1-189971-A-7.wav,A,7,189971
1004,water-flowing,3,1004,audio/2-206169-A-7.wav,A,7,206169
1005,water-flowing,3,1005,audio/2-209652-A-7.wav,A,7,209652
1006,water-flowing,3,1006,audio/2-212177-A-7.wav,A,7,212177
1007,water-flowing,3,1007,audio/2-233061-A-7.wav,A,7,233061
1008,water-flowing,3,1008,audio/2-233452-A-7.wav,A,7,233452
1009,water-flowing,3,1009,audio/2-257959-A-7.wav,A,7,257959
1010,water-flowing,3,1010,audio/2-257959-B-7.wav,B,7,257959
1011,water-flowing,3,1011,audio/2-30679-A-7.wav,A,7,30679
1012,water-flowing,4,1012,audio/3-318931-A-7.wav,A,7,318931
1013,water-flowing,4,1013,audio/3-328270-A-7.wav,A,7,328270
1014,water-flowing,4,1014,audio/3-328270-B-7.wav,B,7,328270
1015,water-flowing,4,1015,audio/3-32870-A-7.wav,A,7,32870
1016,water-flowing,4,1016,audio/3-333440-A-7.wav,A,7,333440
1017,water-flowing,4,1017,audio/3-340914-A-7.wav,A,7,340914
1018,water-flowing,4,1018,audio/3-351927-A-7.wav,A,7,351927
1019,water-flowing,4,1019,audio/3-351927-B-7.wav,B,7,351927
1020,water-flowing,5,1020,audio/4-352050-A-7.wav,A,7,352050
1021,water-flowing,5,1021,audio/4-360374-A-7.wav,A,7,360374
1022,water-flowing,5,1022,audio/4-361801-A-7.wav,A,7,361801
1023,water-flowing,5,1023,audio/4-379507-A-7.wav,A,7,379507
1024,water-flowing,5,1024,audio/4-386749-A-7.wav,A,7,386749
1025,water-flowing,5,1025,audio/4-395392-A-7.wav,A,7,395392
1026,water-flowing,5,1026,audio/4-419112-A-7.wav,A,7,419112
1027,water-flowing,5,1027,audio/4-419112-B-7.wav,B,7,419112
1028,water-flowing,6,1028,audio/5-419999-A-7.wav,A,7,419999
1029,water-flowing,6,1029,audio/5-419999-B-7.wav,B,7,419999
1030,water-flowing,6,1030,audio/5-433994-D-7.wav,D,7,433994
1031,water-flowing,6,1031,audio/5-433994-E-7.wav,E,7,433994
1032,water-flowing,6,1032,audio/5-458401-A-7.wav,A,7,458401
1033,water-flowing,6,1033,audio/5-50757-A-7.wav,A,7,50757
1034,water-flowing,6,1034,audio/5-69597-D-7.wav,D,7,69597
1035,water-flowing,6,1035,audio/5-85109-E-7.wav,E,7,85109
1036,water-flowing,7,1036,audio/6-85109-F-7.wav,F,7,85109
1037,water-flowing,7,1037,audio/6-85109-G-7.wav,G,7,85109
1038,cupboard,6,1038,audio/5-84920-A-10.wav,A,10,84920
1039,cupboard,6,1039,audio/5-175373-A-10.wav,A,10,175373
1040,cupboard,6,1040,audio/5-244874-A-10.wav,A,10,244874
1041,cupboard,6,1041,audio/5-244874-B-10.wav,B,10,244874
1042,cupboard,6,1042,audio/5-244874-C-10.wav,C,10,244874
1043,cupboard,6,1043,audio/5-402143-A-10.wav,A,10,402143
1044,cupboard,6,1044,audio/5-402142-A-10.wav,A,10,402142
1045,peel,6,1045,audio/5-plucher un lgume.wav-A-17.wav,A,17,plucher un lgume.wav
1046,peel,6,1046,audio/5-plucher un lgume.wav-B-17.wav,B,17,plucher un lgume.wav
1047,peel,6,1047,audio/5-plucher un lgume.wav-C-17.wav,C,17,plucher un lgume.wav
1048,peel,6,1048,audio/5-ASMR - PeelingChopping VegetablesFruit (No Talking).wav-A-17.wav,A,17,ASMR - PeelingChopping VegetablesFruit (No Talking).wav
1049,peel,6,1049,audio/5-ASMR - PeelingChopping VegetablesFruit (No Talking).wav-B-17.wav,B,17,ASMR - PeelingChopping VegetablesFruit (No Talking).wav
1050,peel,6,1050,audio/5-ASMR - PeelingChopping VegetablesFruit (No Talking).wav-C-17.wav,C,17,ASMR - PeelingChopping VegetablesFruit (No Talking).wav
1051,peel,6,1051,audio/5-ASMR - PeelingChopping VegetablesFruit (No Talking).wav-D-17.wav,D,17,ASMR - PeelingChopping VegetablesFruit (No Talking).wav
1052,peel,7,1052,audio/6-ASMR - PeelingChopping VegetablesFruit (No Talking).wav-E-17.wav,E,17,ASMR - PeelingChopping VegetablesFruit (No Talking).wav
1053,juicer,5,1053,audio/4-Black  Decker 32 Ounce Electric Citrus Juicer Unboxing Review Testing.wav-A-9.wav,A,9,Black  Decker 32 Ounce Electric Citrus Juicer Unboxing Review Testing.wav
1054,juicer,5,1054,audio/4-Black  Decker 32 Ounce Electric Citrus Juicer Unboxing Review Testing.wav-B-9.wav,B,9,Black  Decker 32 Ounce Electric Citrus Juicer Unboxing Review Testing.wav
1055,juicer,5,1055,audio/4-Black  Decker 32 Ounce Electric Citrus Juicer Unboxing Review Testing.wav-C-9.wav,C,9,Black  Decker 32 Ounce Electric Citrus Juicer Unboxing Review Testing.wav
1056,juicer,5,1056,audio/4-Black  Decker 32 Ounce Electric Citrus Juicer Unboxing Review Testing.wav-D-9.wav,D,9,Black  Decker 32 Ounce Electric Citrus Juicer Unboxing Review Testing.wav
1057,juicer,5,1057,audio/4-Black  Decker 32 Ounce Electric Citrus Juicer Unboxing Review Testing.wav-E-9.wav,E,9,Black  Decker 32 Ounce Electric Citrus Juicer Unboxing Review Testing.wav
1058,juicer,5,1058,audio/4-Black  Decker 32 Ounce Electric Citrus Juicer Unboxing Review Testing.wav-F-9.wav,F,9,Black  Decker 32 Ounce Electric Citrus Juicer Unboxing Review Testing.wav
1059,juicer,6,1059,audio/5-Philips HR273801 Citrus Press Juicer Review.wav-A-9.wav,A,9,Philips HR273801 Citrus Press Juicer Review.wav
1060,juicer,6,1060,audio/5-Black  Decker CJ625 Citrus Juicer Demonstration.wav-A-9.wav,A,9,Black  Decker CJ625 Citrus Juicer Demonstration.wav
1061,juicer,6,1061,audio/5-Black  Decker CJ625 Citrus Juicer Demonstration.wav-B-9.wav,B,9,Black  Decker CJ625 Citrus Juicer Demonstration.wav
1062,juicer,6,1062,audio/5-Black  Decker CJ625 Citrus Juicer Demonstration.wav-C-9.wav,C,9,Black  Decker CJ625 Citrus Juicer Demonstration.wav
1063,juicer,6,1063,audio/5-BLACK+DECKER CJ625 30-Watt 34-Ounce Citrus Juicer Review.wav-A-9.wav,A,9,BLACK+DECKER CJ625 30-Watt 34-Ounce Citrus Juicer Review.wav
1064,juicer,6,1064,audio/5-BLACK+DECKER CJ625 30-Watt 34-Ounce Citrus Juicer Review.wav-B-9.wav,B,9,BLACK+DECKER CJ625 30-Watt 34-Ounce Citrus Juicer Review.wav
1065,juicer,6,1065,audio/5-BLACK+DECKER CJ625 30-Watt 34-Ounce Citrus Juicer Review.wav-C-9.wav,C,9,BLACK+DECKER CJ625 30-Watt 34-Ounce Citrus Juicer Review.wav
1066,juicer,6,1066,audio/5-BLACK+DECKER CJ625 30-Watt 34-Ounce Citrus Juicer Review.wav-D-9.wav,D,9,BLACK+DECKER CJ625 30-Watt 34-Ounce Citrus Juicer Review.wav
1067,juicer,7,1067,audio/6-BLACK+DECKER CJ625 30-Watt 34-Ounce Citrus Juicer Review.wav-E-9.wav,E,9,BLACK+DECKER CJ625 30-Watt 34-Ounce Citrus Juicer Review.wav
1068,juicer,7,1068,audio/6-BLACK+DECKER CJ625 30-Watt 34-Ounce Citrus Juicer Review.wav-F-9.wav,F,9,BLACK+DECKER CJ625 30-Watt 34-Ounce Citrus Juicer Review.wav
1069,juicer,7,1069,audio/6-BLACK+DECKER CJ625 30-Watt 34-Ounce Citrus Juicer Review.wav-G-9.wav,G,9,BLACK+DECKER CJ625 30-Watt 34-Ounce Citrus Juicer Review.wav
1070,water-flowing,10,1070,audio/1-LL-A-7.wav,A,7,LL
1071,water-flowing,10,1071,audio/1-LL-B-7.wav,B,7,LL
1072,water-flowing,10,1072,audio/1-LL-C-7.wav,C,7,LL
1073,water-flowing,10,1073,audio/1-LL-D-7.wav,D,7,LL
1074,water-flowing,10,1074,audio/1-LL-E-7.wav,E,7,LL
1075,water-flowing,10,1075,audio/1-LL-F-7.wav,F,7,LL
1076,water-flowing,10,1076,audio/1-LL-G-7.wav,G,7,LL
1077,water-flowing,10,1077,audio/1-LL-H-7.wav,H,7,LL
1078,water-flowing,10,1078,audio/1-LL-I-7.wav,I,7,LL
1079,water-flowing,10,1079,audio/1-LL-J-7.wav,J,7,LL
1080,water-flowing,10,1080,audio/1-LL-K-7.wav,K,7,LL
1081,water-flowing,10,1081,audio/1-LL-L-7.wav,L,7,LL
1082,water-flowing,10,1082,audio/1-LL-M-7.wav,M,7,LL
1083,water-flowing,10,1083,audio/1-LL-N-7.wav,N,7,LL
1084,water-flowing,10,1084,audio/1-LL-O-7.wav,O,7,LL
1085,water-flowing,10,1085,audio/1-LL-P-7.wav,P,7,LL
1086,water-flowing,10,1086,audio/1-LL-Q-7.wav,Q,7,LL
1087,water-flowing,10,1087,audio/1-LL-R-7.wav,R,7,LL
1088,water-flowing,10,1088,audio/1-LL-S-7.wav,S,7,LL
1089,water-flowing,10,1089,audio/9-LL-A-7.wav,A,7,LL
1090,water-flowing,10,1090,audio/9-LL-B-7.wav,B,7,LL
1091,water-flowing,10,1091,audio/9-LL-C-7.wav,C,7,LL
1092,water-flowing,10,1092,audio/9-LL-D-7.wav,D,7,LL
1093,water-flowing,10,1093,audio/9-LL-E-7.wav,E,7,LL
1094,water-flowing,10,1094,audio/9-LL-F-7.wav,F,7,LL
1095,water-flowing,10,1095,audio/9-LL-G-7.wav,G,7,LL
1096,water-flowing,10,1096,audio/9-LL-H-7.wav,H,7,LL
1097,water-flowing,10,1097,audio/9-LL-I-7.wav,I,7,LL
1098,water-flowing,10,1098,audio/9-LL-J-7.wav,J,7,LL
1099,water-flowing,10,1099,audio/9-LL-K-7.wav,K,7,LL
1100,water-flowing,10,1100,audio/9-LL-L-7.wav,L,7,LL
1101,water-flowing,10,1101,audio/9-LL-M-7.wav,M,7,LL
1102,water-flowing,10,1102,audio/9-LL-N-7.wav,N,7,LL
1103,water-flowing,10,1103,audio/9-LL-O-7.wav,O,7,LL
1104,water-flowing,10,1104,audio/9-LL-P-7.wav,P,7,LL
1105,water-flowing,10,1105,audio/9-LL-Q-7.wav,Q,7,LL
1106,water-flowing,10,1106,audio/9-LL-R-7.wav,R,7,LL
1107,water-flowing,10,1107,audio/9-LL-S-7.wav,S,7,LL
1108,boiling-water,10,1108,audio/9-LL-A-8.wav,A,8,LL
1109,boiling-water,10,1109,audio/9-LL-B-8.wav,B,8,LL
1110,boiling-water,10,1110,audio/9-LL-C-8.wav,C,8,LL
1111,boiling-water,10,1111,audio/9-LL-D-8.wav,D,8,LL
1112,boiling-water,10,1112,audio/9-LL-E-8.wav,E,8,LL
1113,boiling-water,10,1113,audio/9-LL-F-8.wav,F,8,LL
1114,boiling-water,10,1114,audio/9-LL-G-8.wav,G,8,LL
1115,boiling-water,10,1115,audio/9-LL-H-8.wav,H,8,LL
1116,boiling-water,10,1116,audio/9-LL-I-8.wav,I,8,LL
1117,boiling-water,10,1117,audio/9-LL-J-8.wav,J,8,LL
1118,boiling-water,10,1118,audio/9-LL-K-8.wav,K,8,LL
1119,boiling-water,10,1119,audio/9-LL-L-8.wav,L,8,LL
1120,boiling-water,10,1120,audio/9-LL-M-8.wav,M,8,LL
1121,boiling-water,10,1121,audio/9-LL-N-8.wav,N,8,LL
1122,boiling-water,10,1122,audio/9-LL-O-8.wav,O,8,LL
1123,boiling-water,10,1123,audio/9-LL-P-8.wav,P,8,LL
1124,boiling-water,10,1124,audio/9-LL-Q-8.wav,Q,8,LL
1125,boiling-water,10,1125,audio/9-LL-R-8.wav,R,8,LL
1126,boiling-water,10,1126,audio/9-LL-S-8.wav,S,8,LL
1127,drawer,10,1127,audio/9-LL-A-11.wav,A,11,LL
1128,drawer,10,1128,audio/9-LL-B-11.wav,B,11,LL
1129,drawer,10,1129,audio/9-LL-C-11.wav,C,11,LL
1130,drawer,10,1130,audio/9-LL-D-11.wav,D,11,LL
1131,drawer,10,1131,audio/9-LL-E-11.wav,E,11,LL
1132,drawer,10,1132,audio/9-LL-F-11.wav,F,11,LL
1133,drawer,10,1133,audio/9-LL-G-11.wav,G,11,LL
1134,drawer,10,1134,audio/9-LL-H-11.wav,H,11,LL
1135,drawer,10,1135,audio/9-LL-I-11.wav,I,11,LL
1136,drawer,10,1136,audio/9-LL-J-11.wav,J,11,LL
1137,drawer,10,1137,audio/9-LL-K-11.wav,K,11,LL
1138,drawer,10,1138,audio/9-LL-L-11.wav,L,11,LL
1139,drawer,10,1139,audio/9-LL-M-11.wav,M,11,LL
1140,clean-dishes,10,1140,audio/9-LL-A-12.wav,A,12,LL
1141,clean-dishes,10,1141,audio/9-LL-B-12.wav,B,12,LL
1142,clean-dishes,10,1142,audio/9-LL-C-12.wav,C,12,LL
1143,clean-dishes,10,1143,audio/9-LL-D-12.wav,D,12,LL
1144,clean-dishes,10,1144,audio/9-LL-E-12.wav,E,12,LL
1145,clean-dishes,10,1145,audio/9-LL-F-12.wav,F,12,LL
1146,clean-dishes,10,1146,audio/9-LL-G-12.wav,G,12,LL
1147,clean-dishes,10,1147,audio/9-LL-H-12.wav,H,12,LL
1148,clean-dishes,10,1148,audio/9-LL-I-12.wav,I,12,LL
1149,cutlery,10,1149,audio/9-LL-A-15.wav,A,15,LL
1150,cutlery,10,1150,audio/9-LL-B-15.wav,B,15,LL
1151,cutlery,10,1151,audio/9-LL-C-15.wav,C,15,LL
1152,cutlery,10,1152,audio/9-LL-D-15.wav,D,15,LL
1153,cutlery,10,1153,audio/9-LL-E-15.wav,E,15,LL
1154,cutlery,10,1154,audio/9-LL-F-15.wav,F,15,LL
1155,cutlery,10,1155,audio/9-LL-G-15.wav,G,15,LL
1156,cutlery,10,1156,audio/9-LL-H-15.wav,H,15,LL
1157,cutlery,10,1157,audio/9-LL-I-15.wav,I,15,LL
1158,cutlery,10,1158,audio/9-LL-J-15.wav,J,15,LL
1159,cutlery,10,1159,audio/9-LL-K-15.wav,K,15,LL
1160,cutlery,10,1160,audio/9-LL-L-15.wav,L,15,LL
1161,cutlery,10,1161,audio/9-LL-M-15.wav,M,15,LL
1162,cutlery,10,1162,audio/9-LL-N-15.wav,N,15,LL
1163,cutlery,10,1163,audio/9-LL-O-15.wav,O,15,LL
1164,cutlery,10,1164,audio/9-LL-P-15.wav,P,15,LL
1165,cutlery,10,1165,audio/9-LL-Q-15.wav,Q,15,LL
1166,cutlery,10,1166,audio/9-LL-R-15.wav,R,15,LL
1167,cutlery,10,1167,audio/9-LL-S-15.wav,S,15,LL
1168,plates,10,1168,audio/9-LL-A-18.wav,A,18,LL
1169,plates,10,1169,audio/9-LL-B-18.wav,B,18,LL
1170,plates,10,1170,audio/9-LL-C-18.wav,C,18,LL
1171,plates,10,1171,audio/9-LL-D-18.wav,D,18,LL
1172,plates,10,1172,audio/9-LL-E-18.wav,E,18,LL
1173,plates,10,1173,audio/9-LL-F-18.wav,F,18,LL
1174,plates,10,1174,audio/9-LL-G-18.wav,G,18,LL
1175,plates,10,1175,audio/9-LL-H-18.wav,H,18,LL
1176,plates,10,1176,audio/9-LL-I-18.wav,I,18,LL
1177,plates,10,1177,audio/9-LL-J-18.wav,J,18,LL
1178,plates,10,1178,audio/9-LL-K-18.wav,K,18,LL
1179,plates,10,1179,audio/9-LL-L-18.wav,L,18,LL
1180,plates,10,1180,audio/9-LL-M-18.wav,M,18,LL
1181,window-blind,10,1181,audio/9-LL-A-20.wav,A,20,LL
1182,window-blind,10,1182,audio/9-LL-B-20.wav,B,20,LL
1183,window-blind,10,1183,audio/9-LL-C-20.wav,C,20,LL
1184,window-blind,10,1184,audio/9-LL-D-20.wav,D,20,LL
1185,window-blind,10,1185,audio/9-LL-E-20.wav,E,20,LL
1186,window-blind,10,1186,audio/9-LL-F-20.wav,F,20,LL
1187,window-blind,10,1187,audio/9-LL-G-20.wav,G,20,LL
1188,window-blind,10,1188,audio/9-LL-H-20.wav,H,20,LL
1189,window-blind,10,1189,audio/9-LL-I-20.wav,I,20,LL
1190,window-blind,10,1190,audio/9-LL-J-20.wav,J,20,LL
1191,window-blind,10,1191,audio/9-LL-K-20.wav,K,20,LL
1192,window-blind,10,1192,audio/9-LL-L-20.wav,L,20,LL
1193,window-blind,10,1193,audio/9-LL-M-20.wav,M,20,LL
1194,window-blind,10,1194,audio/9-LL-N-20.wav,N,20,LL
1195,window-blind,10,1195,audio/9-LL-O-20.wav,O,20,LL
1196,window-blind,10,1196,audio/9-LL-P-20.wav,P,20,LL
1197,window-blind,10,1197,audio/9-LL-Q-20.wav,Q,20,LL
1198,window-blind,10,1198,audio/9-LL-R-20.wav,R,20,LL
1199,window-blind,10,1199,audio/9-LL-S-20.wav,S,20,LL
1200,window-blind,10,1200,audio/9-LL-T-20.wav,T,20,LL
1201,window-blind,10,1201,audio/9-LL-U-20.wav,U,20,LL
1202,window-blind,10,1202,audio/9-LL-V-20.wav,V,20,LL
1203,window-blind,10,1203,audio/9-LL-W-20.wav,W,20,LL
1204,window-blind,10,1204,audio/9-LL-X-20.wav,X,20,LL
1205,window-blind,10,1205,audio/9-LL-Y-20.wav,Y,20,LL
1206,window-blind,10,1206,audio/9-LL-Z-20.wav,Z,20,LL
1207,window-blind,10,1207,audio/9-LL-[-20.wav,[,20,LL
1208,window-blind,10,1208,audio/9-LL-\-20.wav,\,20,LL
1209,window-blind,10,1209,audio/9-LL-]-20.wav,],20,LL
1210,window-blind,10,1210,audio/9-LL-^-20.wav,^,20,LL
1211,window-blind,10,1211,audio/9-LL-_-20.wav,_,20,LL
1212,window-blind,10,1212,audio/9-LL-`-20.wav,`,20,LL
1213,window-blind,10,1213,audio/9-LL-a-20.wav,a,20,LL
1214,window-blind,10,1214,audio/9-LL-b-20.wav,b,20,LL
1215,window-blind,10,1215,audio/9-LL-c-20.wav,c,20,LL
1216,tv,10,1216,audio/9-LL-A-21.wav,A,21,LL
1217,tv,10,1217,audio/9-LL-B-21.wav,B,21,LL
1218,tv,10,1218,audio/9-LL-C-21.wav,C,21,LL
1219,tv,10,1219,audio/9-LL-D-21.wav,D,21,LL
1220,tv,10,1220,audio/9-LL-E-21.wav,E,21,LL
1221,tv,10,1221,audio/9-LL-F-21.wav,F,21,LL
1222,tv,10,1222,audio/9-LL-G-21.wav,G,21,LL
1223,tv,10,1223,audio/9-LL-H-21.wav,H,21,LL
1224,tv,10,1224,audio/9-LL-I-21.wav,I,21,LL
1225,tv,10,1225,audio/9-LL-J-21.wav,J,21,LL
1226,tv,10,1226,audio/9-LL-K-21.wav,K,21,LL
1227,tv,10,1227,audio/9-LL-L-21.wav,L,21,LL
1228,tv,10,1228,audio/9-LL-M-21.wav,M,21,LL
1229,tv,10,1229,audio/9-LL-N-21.wav,N,21,LL
1230,tv,10,1230,audio/9-LL-O-21.wav,O,21,LL
1231,tv,10,1231,audio/9-LL-P-21.wav,P,21,LL
1232,tv,10,1232,audio/9-LL-Q-21.wav,Q,21,LL
1233,tv,10,1233,audio/9-LL-R-21.wav,R,21,LL
1234,tv,10,1234,audio/9-LL-S-21.wav,S,21,LL
1235,tv,10,1235,audio/9-LL-T-21.wav,T,21,LL
1236,tv,10,1236,audio/9-LL-U-21.wav,U,21,LL
1237,tv,10,1237,audio/9-LL-V-21.wav,V,21,LL
1238,tv,10,1238,audio/9-LL-W-21.wav,W,21,LL
1239,tv,10,1239,audio/9-LL-X-21.wav,X,21,LL
1240,tv,10,1240,audio/9-LL-Y-21.wav,Y,21,LL
1241,tv,10,1241,audio/9-LL-Z-21.wav,Z,21,LL
1242,tv,10,1242,audio/9-LL-[-21.wav,[,21,LL
1243,tv,10,1243,audio/9-LL-\-21.wav,\,21,LL
1244,tv,10,1244,audio/9-LL-]-21.wav,],21,LL
1245,tv,10,1245,audio/9-LL-^-21.wav,^,21,LL
1246,tv,10,1246,audio/9-LL-_-21.wav,_,21,LL
1247,tv,10,1247,audio/9-LL-`-21.wav,`,21,LL
1248,tv,10,1248,audio/9-LL-a-21.wav,a,21,LL
1249,tv,10,1249,audio/9-LL-b-21.wav,b,21,LL
1250,tv,10,1250,audio/9-LL-c-21.wav,c,21,LL
1251,tv,10,1251,audio/9-LL-d-21.wav,d,21,LL
1252,tv,10,1252,audio/9-LL-e-21.wav,e,21,LL
1253,tv,10,1253,audio/9-LL-f-21.wav,f,21,LL
1254,tv,10,1254,audio/9-LL-g-21.wav,g,21,LL
1255,tv,10,1255,audio/9-LL-h-21.wav,h,21,LL
1256,tv,10,1256,audio/9-LL-i-21.wav,i,21,LL
1257,tv,10,1257,audio/9-LL-j-21.wav,j,21,LL
1258,tv,10,1258,audio/9-LL-k-21.wav,k,21,LL
1259,tv,10,1259,audio/9-LL-l-21.wav,l,21,LL
1260,tv,10,1260,audio/9-LL-m-21.wav,m,21,LL
1261,tv,10,1261,audio/9-LL-n-21.wav,n,21,LL
1262,tv,10,1262,audio/9-LL-o-21.wav,o,21,LL
1263,tv,10,1263,audio/9-LL-p-21.wav,p,21,LL
1264,tv,10,1264,audio/9-LL-q-21.wav,q,21,LL
1265,tv,10,1265,audio/9-LL-r-21.wav,r,21,LL
1266,trash,10,1266,audio/9-LL-A-22.wav,A,22,LL
1267,trash,10,1267,audio/9-LL-B-22.wav,B,22,LL
1268,trash,10,1268,audio/9-LL-C-22.wav,C,22,LL
1269,trash,10,1269,audio/9-LL-D-22.wav,D,22,LL
1270,trash,10,1270,audio/9-LL-E-22.wav,E,22,LL
1271,trash,10,1271,audio/9-LL-F-22.wav,F,22,LL
1272,trash,10,1272,audio/9-LL-G-22.wav,G,22,LL
1273,trash,10,1273,audio/9-LL-H-22.wav,H,22,LL
1274,trash,10,1274,audio/9-LL-I-22.wav,I,22,LL
1275,trash,10,1275,audio/9-LL-J-22.wav,J,22,LL
1276,trash,10,1276,audio/9-LL-K-22.wav,K,22,LL
1277,trash,10,1277,audio/9-LL-L-22.wav,L,22,LL
1278,trash,10,1278,audio/9-LL-M-22.wav,M,22,LL
1279,trash,10,1279,audio/9-LL-N-22.wav,N,22,LL
1280,trash,10,1280,audio/9-LL-O-22.wav,O,22,LL
1281,trash,10,1281,audio/9-LL-P-22.wav,P,22,LL
1282,trash,10,1282,audio/9-LL-Q-22.wav,Q,22,LL
1283,trash,10,1283,audio/9-LL-R-22.wav,R,22,LL
1284,trash,10,1284,audio/9-LL-S-22.wav,S,22,LL
1285,trash,10,1285,audio/9-LL-T-22.wav,T,22,LL
1286,trash,10,1286,audio/9-LL-U-22.wav,U,22,LL
1287,trash,10,1287,audio/9-LL-V-22.wav,V,22,LL
1288,trash,10,1288,audio/9-LL-W-22.wav,W,22,LL
1289,trash,10,1289,audio/9-LL-X-22.wav,X,22,LL
1290,trash,10,1290,audio/9-LL-Y-22.wav,Y,22,LL
1291,trash,10,1291,audio/9-LL-Z-22.wav,Z,22,LL
1292,trash,10,1292,audio/9-LL-[-22.wav,[,22,LL
1293,trash,10,1293,audio/9-LL-\-22.wav,\,22,LL
1294,trash,10,1294,audio/9-LL-]-22.wav,],22,LL
1295,trash,10,1295,audio/9-LL-^-22.wav,^,22,LL
1296,trash,10,1296,audio/9-LL-_-22.wav,_,22,LL
1297,trash,10,1297,audio/9-LL-`-22.wav,`,22,LL
1298,trash,10,1298,audio/9-LL-a-22.wav,a,22,LL
1299,trash,10,1299,audio/9-LL-b-22.wav,b,22,LL
1300,trash,10,1300,audio/9-LL-c-22.wav,c,22,LL
1301,trash,10,1301,audio/9-LL-d-22.wav,d,22,LL
1302,trash,10,1302,audio/9-LL-e-22.wav,e,22,LL
1303,trash,10,1303,audio/9-LL-f-22.wav,f,22,LL
1304,trash,10,1304,audio/9-LL-g-22.wav,g,22,LL
1305,trash,10,1305,audio/9-LL-h-22.wav,h,22,LL
1306,trash,10,1306,audio/9-LL-i-22.wav,i,22,LL
1307,sitting-and-moving,10,1307,audio/9-LL-A-23.wav,A,23,LL
1308,sitting-and-moving,10,1308,audio/9-LL-B-23.wav,B,23,LL
1309,sitting-and-moving,10,1309,audio/9-LL-C-23.wav,C,23,LL
1310,sitting-and-moving,10,1310,audio/9-LL-D-23.wav,D,23,LL
1311,sitting-and-moving,10,1311,audio/9-LL-E-23.wav,E,23,LL
1312,sitting-and-moving,10,1312,audio/9-LL-F-23.wav,F,23,LL
1313,sitting-and-moving,10,1313,audio/9-LL-G-23.wav,G,23,LL
1314,sitting-and-moving,10,1314,audio/9-LL-H-23.wav,H,23,LL
1315,sitting-and-moving,10,1315,audio/9-LL-I-23.wav,I,23,LL
1316,sitting-and-moving,10,1316,audio/9-LL-J-23.wav,J,23,LL
1317,sitting-and-moving,10,1317,audio/9-LL-K-23.wav,K,23,LL
1318,sitting-and-moving,10,1318,audio/9-LL-L-23.wav,L,23,LL
1319,sitting-and-moving,10,1319,audio/9-LL-M-23.wav,M,23,LL
1320,sitting-and-moving,10,1320,audio/9-LL-N-23.wav,N,23,LL
1321,sitting-and-moving,10,1321,audio/9-LL-O-23.wav,O,23,LL
1322,sitting-and-moving,10,1322,audio/9-LL-P-23.wav,P,23,LL
1323,sitting-and-moving,10,1323,audio/9-LL-Q-23.wav,Q,23,LL
1324,sitting-and-moving,10,1324,audio/9-LL-R-23.wav,R,23,LL
1325,sitting-and-moving,10,1325,audio/9-LL-S-23.wav,S,23,LL
1326,sitting-and-moving,10,1326,audio/9-LL-T-23.wav,T,23,LL
1327,sitting-and-moving,10,1327,audio/9-LL-U-23.wav,U,23,LL
1328,sitting-and-moving,10,1328,audio/9-LL-V-23.wav,V,23,LL
1329,sitting-and-moving,10,1329,audio/9-LL-W-23.wav,W,23,LL
1330,sitting-and-moving,10,1330,audio/9-LL-X-23.wav,X,23,LL
1331,sitting-and-moving,10,1331,audio/9-LL-Y-23.wav,Y,23,LL
1332,sitting-and-moving,10,1332,audio/9-LL-Z-23.wav,Z,23,LL
1333,sitting-and-moving,10,1333,audio/9-LL-[-23.wav,[,23,LL
1334,sitting-and-moving,10,1334,audio/9-LL-\-23.wav,\,23,LL
1335,sitting-and-moving,10,1335,audio/9-LL-]-23.wav,],23,LL
1336,sitting-and-moving,10,1336,audio/9-LL-^-23.wav,^,23,LL
1337,sitting-and-moving,10,1337,audio/9-LL-_-23.wav,_,23,LL
1338,sitting-and-moving,10,1338,audio/9-LL-`-23.wav,`,23,LL
1339,sitting-and-moving,10,1339,audio/9-LL-a-23.wav,a,23,LL
1340,sitting-and-moving,10,1340,audio/9-LL-b-23.wav,b,23,LL
1341,sitting-and-moving,10,1341,audio/9-LL-c-23.wav,c,23,LL
1342,sitting-and-moving,10,1342,audio/9-LL-d-23.wav,d,23,LL
1343,sitting-and-moving,10,1343,audio/9-LL-e-23.wav,e,23,LL
1344,sitting-and-moving,10,1344,audio/9-LL-f-23.wav,f,23,LL
1345,sitting-and-moving,10,1345,audio/9-LL-g-23.wav,g,23,LL
1346,sitting-and-moving,10,1346,audio/9-LL-h-23.wav,h,23,LL
1347,sitting-and-moving,10,1347,audio/9-LL-i-23.wav,i,23,LL
1348,radio,10,1348,audio/9-LL-A-24.wav,A,24,LL
1349,radio,10,1349,audio/9-LL-B-24.wav,B,24,LL
1350,radio,10,1350,audio/9-LL-C-24.wav,C,24,LL
1351,radio,10,1351,audio/9-LL-D-24.wav,D,24,LL
1352,radio,10,1352,audio/9-LL-E-24.wav,E,24,LL
1353,radio,10,1353,audio/9-LL-F-24.wav,F,24,LL
1354,radio,10,1354,audio/9-LL-G-24.wav,G,24,LL
1355,radio,10,1355,audio/9-LL-H-24.wav,H,24,LL
1356,radio,10,1356,audio/9-LL-I-24.wav,I,24,LL
1357,radio,10,1357,audio/9-LL-J-24.wav,J,24,LL
1358,radio,10,1358,audio/9-LL-K-24.wav,K,24,LL
1359,radio,10,1359,audio/9-LL-L-24.wav,L,24,LL
1360,radio,10,1360,audio/9-LL-M-24.wav,M,24,LL
1361,radio,10,1361,audio/9-LL-N-24.wav,N,24,LL
1362,radio,10,1362,audio/9-LL-O-24.wav,O,24,LL
1363,radio,10,1363,audio/9-LL-P-24.wav,P,24,LL
1364,radio,10,1364,audio/9-LL-Q-24.wav,Q,24,LL
1365,radio,10,1365,audio/9-LL-R-24.wav,R,24,LL
1366,radio,10,1366,audio/9-LL-S-24.wav,S,24,LL
1367,radio,10,1367,audio/9-LL-T-24.wav,T,24,LL
1368,radio,10,1368,audio/9-LL-U-24.wav,U,24,LL
1369,radio,10,1369,audio/9-LL-V-24.wav,V,24,LL
1370,radio,10,1370,audio/9-LL-W-24.wav,W,24,LL
1371,radio,10,1371,audio/9-LL-X-24.wav,X,24,LL
1372,radio,10,1372,audio/9-LL-Y-24.wav,Y,24,LL
1373,radio,10,1373,audio/9-LL-Z-24.wav,Z,24,LL
1374,radio,10,1374,audio/9-LL-[-24.wav,[,24,LL
1375,radio,10,1375,audio/9-LL-\-24.wav,\,24,LL
1376,radio,10,1376,audio/9-LL-]-24.wav,],24,LL
1377,radio,10,1377,audio/9-LL-^-24.wav,^,24,LL
1378,radio,10,1378,audio/9-LL-_-24.wav,_,24,LL
1379,radio,10,1379,audio/9-LL-`-24.wav,`,24,LL
1380,radio,10,1380,audio/9-LL-a-24.wav,a,24,LL
1381,radio,10,1381,audio/9-LL-b-24.wav,b,24,LL
1382,radio,10,1382,audio/9-LL-c-24.wav,c,24,LL
1383,radio,10,1383,audio/9-LL-d-24.wav,d,24,LL
1384,radio,10,1384,audio/9-LL-e-24.wav,e,24,LL
1385,radio,10,1385,audio/9-LL-f-24.wav,f,24,LL
1386,radio,10,1386,audio/9-LL-g-24.wav,g,24,LL
1387,radio,10,1387,audio/9-LL-h-24.wav,h,24,LL
1388,radio,10,1388,audio/9-LL-i-24.wav,i,24,LL
1389,radio,10,1389,audio/9-LL-j-24.wav,j,24,LL
1390,radio,10,1390,audio/9-LL-k-24.wav,k,24,LL
1391,radio,10,1391,audio/9-LL-l-24.wav,l,24,LL
1392,radio,10,1392,audio/9-LL-m-24.wav,m,24,LL
1393,radio,10,1393,audio/9-LL-n-24.wav,n,24,LL
1394,radio,10,1394,audio/9-LL-o-24.wav,o,24,LL
1395,radio,10,1395,audio/9-LL-p-24.wav,p,24,LL
1396,radio,10,1396,audio/9-LL-q-24.wav,q,24,LL
1397,radio,10,1397,audio/9-LL-r-24.wav,r,24,LL
1398,plugging,10,1398,audio/9-LL-A-25.wav,A,25,LL
1399,plugging,10,1399,audio/9-LL-B-25.wav,B,25,LL
1400,plugging,10,1400,audio/9-LL-C-25.wav,C,25,LL
1401,plugging,10,1401,audio/9-LL-D-25.wav,D,25,LL
1402,plugging,10,1402,audio/9-LL-E-25.wav,E,25,LL
1403,plugging,10,1403,audio/9-LL-F-25.wav,F,25,LL
1404,plugging,10,1404,audio/9-LL-G-25.wav,G,25,LL
1405,plugging,10,1405,audio/9-LL-H-25.wav,H,25,LL
1406,plugging,10,1406,audio/9-LL-I-25.wav,I,25,LL
1407,plugging,10,1407,audio/9-LL-J-25.wav,J,25,LL
1408,plugging,10,1408,audio/9-LL-K-25.wav,K,25,LL
1409,plugging,10,1409,audio/9-LL-L-25.wav,L,25,LL
1410,plugging,10,1410,audio/9-LL-M-25.wav,M,25,LL
1411,plugging,10,1411,audio/9-LL-N-25.wav,N,25,LL
1412,plugging,10,1412,audio/9-LL-O-25.wav,O,25,LL
1413,plugging,10,1413,audio/9-LL-P-25.wav,P,25,LL
1414,plugging,10,1414,audio/9-LL-Q-25.wav,Q,25,LL
1415,plugging,10,1415,audio/9-LL-R-25.wav,R,25,LL
1416,plugging,10,1416,audio/9-LL-S-25.wav,S,25,LL
1417,plugging,10,1417,audio/9-LL-T-25.wav,T,25,LL
1418,plugging,10,1418,audio/9-LL-U-25.wav,U,25,LL
1419,plugging,10,1419,audio/9-LL-V-25.wav,V,25,LL
1420,plugging,10,1420,audio/9-LL-W-25.wav,W,25,LL
1421,plugging,10,1421,audio/9-LL-X-25.wav,X,25,LL
1422,plugging,10,1422,audio/9-LL-Y-25.wav,Y,25,LL
1423,plugging,10,1423,audio/9-LL-Z-25.wav,Z,25,LL
1424,plugging,10,1424,audio/9-LL-[-25.wav,[,25,LL
1425,plugging,10,1425,audio/9-LL-\-25.wav,\,25,LL
1426,plugging,10,1426,audio/9-LL-]-25.wav,],25,LL
1427,plugging,10,1427,audio/9-LL-^-25.wav,^,25,LL
1428,plugging,10,1428,audio/9-LL-_-25.wav,_,25,LL
1429,plugging,10,1429,audio/9-LL-`-25.wav,`,25,LL
1430,plugging,10,1430,audio/9-LL-a-25.wav,a,25,LL
1431,plugging,10,1431,audio/9-LL-b-25.wav,b,25,LL
1432,plugging,10,1432,audio/9-LL-c-25.wav,c,25,LL
1433,plugging,10,1433,audio/9-LL-d-25.wav,d,25,LL
1434,plugging,10,1434,audio/9-LL-e-25.wav,e,25,LL
1435,plugging,10,1435,audio/9-LL-f-25.wav,f,25,LL
1436,plugging,10,1436,audio/9-LL-g-25.wav,g,25,LL
1437,plugging,10,1437,audio/9-LL-h-25.wav,h,25,LL
1438,plugging,10,1438,audio/9-LL-i-25.wav,i,25,LL
1439,moving-furniture,10,1439,audio/9-LL-A-26.wav,A,26,LL
1440,moving-furniture,10,1440,audio/9-LL-B-26.wav,B,26,LL
1441,moving-furniture,10,1441,audio/9-LL-C-26.wav,C,26,LL
1442,moving-furniture,10,1442,audio/9-LL-D-26.wav,D,26,LL
1443,moving-furniture,10,1443,audio/9-LL-E-26.wav,E,26,LL
1444,moving-furniture,10,1444,audio/9-LL-F-26.wav,F,26,LL
1445,moving-furniture,10,1445,audio/9-LL-G-26.wav,G,26,LL
1446,moving-furniture,10,1446,audio/9-LL-H-26.wav,H,26,LL
1447,moving-furniture,10,1447,audio/9-LL-I-26.wav,I,26,LL
1448,moving-furniture,10,1448,audio/9-LL-J-26.wav,J,26,LL
1449,moving-furniture,10,1449,audio/9-LL-K-26.wav,K,26,LL
1450,moving-furniture,10,1450,audio/9-LL-L-26.wav,L,26,LL
1451,moving-furniture,10,1451,audio/9-LL-M-26.wav,M,26,LL
1452,moving-furniture,10,1452,audio/9-LL-N-26.wav,N,26,LL
1453,moving-furniture,10,1453,audio/9-LL-O-26.wav,O,26,LL
1454,moving-furniture,10,1454,audio/9-LL-P-26.wav,P,26,LL
1455,moving-furniture,10,1455,audio/9-LL-Q-26.wav,Q,26,LL
1456,moving-furniture,10,1456,audio/9-LL-R-26.wav,R,26,LL
1457,moving-furniture,10,1457,audio/9-LL-S-26.wav,S,26,LL
1458,moving-furniture,10,1458,audio/9-LL-T-26.wav,T,26,LL
1459,moving-furniture,10,1459,audio/9-LL-U-26.wav,U,26,LL
1460,moving-furniture,10,1460,audio/9-LL-V-26.wav,V,26,LL
1461,moving-furniture,10,1461,audio/9-LL-W-26.wav,W,26,LL
1462,moving-furniture,10,1462,audio/9-LL-X-26.wav,X,26,LL
1463,moving-furniture,10,1463,audio/9-LL-Y-26.wav,Y,26,LL
1464,moving-furniture,10,1464,audio/9-LL-Z-26.wav,Z,26,LL
1465,moving-furniture,10,1465,audio/9-LL-[-26.wav,[,26,LL
1466,moving-furniture,10,1466,audio/9-LL-\-26.wav,\,26,LL
1467,moving-furniture,10,1467,audio/9-LL-]-26.wav,],26,LL
1468,moving-furniture,10,1468,audio/9-LL-^-26.wav,^,26,LL
1469,moving-furniture,10,1469,audio/9-LL-_-26.wav,_,26,LL
1470,moving-furniture,10,1470,audio/9-LL-`-26.wav,`,26,LL
1471,moving-furniture,10,1471,audio/9-LL-a-26.wav,a,26,LL
1472,moving-furniture,10,1472,audio/9-LL-b-26.wav,b,26,LL
1473,moving-furniture,10,1473,audio/9-LL-c-26.wav,c,26,LL
1474,moving-furniture,10,1474,audio/9-LL-d-26.wav,d,26,LL
1475,moving-furniture,10,1475,audio/9-LL-e-26.wav,e,26,LL
1476,moving-furniture,10,1476,audio/9-LL-f-26.wav,f,26,LL
1477,moving-furniture,10,1477,audio/9-LL-g-26.wav,g,26,LL
1478,moving-furniture,10,1478,audio/9-LL-h-26.wav,h,26,LL
1479,moving-furniture,10,1479,audio/9-LL-i-26.wav,i,26,LL
1480,computer,10,1480,audio/9-LL-A-27.wav,A,27,LL
1481,computer,10,1481,audio/9-LL-B-27.wav,B,27,LL
1482,computer,10,1482,audio/9-LL-C-27.wav,C,27,LL
1483,computer,10,1483,audio/9-LL-D-27.wav,D,27,LL
1484,computer,10,1484,audio/9-LL-E-27.wav,E,27,LL
1485,computer,10,1485,audio/9-LL-F-27.wav,F,27,LL
1486,computer,10,1486,audio/9-LL-G-27.wav,G,27,LL
1487,computer,10,1487,audio/9-LL-H-27.wav,H,27,LL
1488,computer,10,1488,audio/9-LL-I-27.wav,I,27,LL
1489,computer,10,1489,audio/9-LL-J-27.wav,J,27,LL
1490,computer,10,1490,audio/9-LL-K-27.wav,K,27,LL
1491,computer,10,1491,audio/9-LL-L-27.wav,L,27,LL
1492,computer,10,1492,audio/9-LL-M-27.wav,M,27,LL
1493,computer,10,1493,audio/9-LL-N-27.wav,N,27,LL
1494,computer,10,1494,audio/9-LL-O-27.wav,O,27,LL
1495,computer,10,1495,audio/9-LL-P-27.wav,P,27,LL
1496,computer,10,1496,audio/9-LL-Q-27.wav,Q,27,LL
1497,computer,10,1497,audio/9-LL-R-27.wav,R,27,LL
1498,computer,10,1498,audio/9-LL-S-27.wav,S,27,LL
1499,computer,10,1499,audio/9-LL-T-27.wav,T,27,LL
1500,computer,10,1500,audio/9-LL-U-27.wav,U,27,LL
1501,computer,10,1501,audio/9-LL-V-27.wav,V,27,LL
1502,computer,10,1502,audio/9-LL-W-27.wav,W,27,LL
1503,computer,10,1503,audio/9-LL-X-27.wav,X,27,LL
1504,computer,10,1504,audio/9-LL-Y-27.wav,Y,27,LL
1505,computer,10,1505,audio/9-LL-Z-27.wav,Z,27,LL
1506,computer,10,1506,audio/9-LL-[-27.wav,[,27,LL
1507,computer,10,1507,audio/9-LL-\-27.wav,\,27,LL
1508,computer,10,1508,audio/9-LL-]-27.wav,],27,LL
1509,computer,10,1509,audio/9-LL-^-27.wav,^,27,LL
1510,computer,10,1510,audio/9-LL-_-27.wav,_,27,LL
1511,computer,10,1511,audio/9-LL-`-27.wav,`,27,LL
1512,computer,10,1512,audio/9-LL-a-27.wav,a,27,LL
1513,computer,10,1513,audio/9-LL-b-27.wav,b,27,LL
1514,computer,10,1514,audio/9-LL-c-27.wav,c,27,LL
1515,computer,10,1515,audio/9-LL-d-27.wav,d,27,LL
1516,computer,10,1516,audio/9-LL-e-27.wav,e,27,LL
1517,chatting,10,1517,audio/9-LL-A-28.wav,A,28,LL
1518,chatting,10,1518,audio/9-LL-B-28.wav,B,28,LL
1519,chatting,10,1519,audio/9-LL-C-28.wav,C,28,LL
1520,chatting,10,1520,audio/9-LL-D-28.wav,D,28,LL
1521,chatting,10,1521,audio/9-LL-E-28.wav,E,28,LL
1522,chatting,10,1522,audio/9-LL-F-28.wav,F,28,LL
1523,chatting,10,1523,audio/9-LL-G-28.wav,G,28,LL
1524,chatting,10,1524,audio/9-LL-H-28.wav,H,28,LL
1525,chatting,10,1525,audio/9-LL-I-28.wav,I,28,LL
1526,chatting,10,1526,audio/9-LL-J-28.wav,J,28,LL
1527,chatting,10,1527,audio/9-LL-K-28.wav,K,28,LL
1528,chatting,10,1528,audio/9-LL-L-28.wav,L,28,LL
1529,chatting,10,1529,audio/9-LL-M-28.wav,M,28,LL
1530,chatting,10,1530,audio/9-LL-N-28.wav,N,28,LL
1531,chatting,10,1531,audio/9-LL-O-28.wav,O,28,LL
1532,chatting,10,1532,audio/9-LL-P-28.wav,P,28,LL
1533,chatting,10,1533,audio/9-LL-Q-28.wav,Q,28,LL
1534,chatting,10,1534,audio/9-LL-R-28.wav,R,28,LL
1535,chatting,10,1535,audio/9-LL-S-28.wav,S,28,LL
1536,chatting,10,1536,audio/9-LL-T-28.wav,T,28,LL
1537,chatting,10,1537,audio/9-LL-U-28.wav,U,28,LL
1538,chatting,10,1538,audio/9-LL-V-28.wav,V,28,LL
1539,chatting,10,1539,audio/9-LL-W-28.wav,W,28,LL
1540,chatting,10,1540,audio/9-LL-X-28.wav,X,28,LL
1541,chatting,10,1541,audio/9-LL-Y-28.wav,Y,28,LL
1542,chatting,10,1542,audio/9-LL-Z-28.wav,Z,28,LL
1543,chatting,10,1543,audio/9-LL-[-28.wav,[,28,LL
1544,chatting,10,1544,audio/9-LL-\-28.wav,\,28,LL
1545,chatting,10,1545,audio/9-LL-]-28.wav,],28,LL
1546,chatting,10,1546,audio/9-LL-^-28.wav,^,28,LL
1547,chatting,10,1547,audio/9-LL-_-28.wav,_,28,LL
1548,chatting,10,1548,audio/9-LL-`-28.wav,`,28,LL
1549,chatting,10,1549,audio/9-LL-a-28.wav,a,28,LL
1550,chatting,10,1550,audio/9-LL-b-28.wav,b,28,LL
